# ECHOES minimalist perfume bottle - 3D model
mtllib ECHOES_perfume_bottle.mtl
v 3.384000 1.109200 0.000000
v 3.381837 1.150468 0.000000
v 3.375373 1.191284 0.000000
v 3.364677 1.231200 0.000000
v 3.349868 1.269780 0.000000
v 3.331107 1.306600 0.000000
v 3.308600 1.341258 0.000000
v 3.282594 1.373373 0.000000
v 3.253373 1.402594 0.000000
v 3.221258 1.428600 0.000000
v 3.186600 1.451107 0.000000
v 3.149780 1.469868 0.000000
v 3.111200 1.484677 0.000000
v 3.071284 1.495373 0.000000
v 3.030468 1.501837 0.000000
v 2.989200 1.504000 0.000000
v -2.989200 1.504000 0.000000
v -3.030468 1.501837 0.000000
v -3.071284 1.495373 0.000000
v -3.111200 1.484677 0.000000
v -3.149780 1.469868 0.000000
v -3.186600 1.451107 0.000000
v -3.221258 1.428600 0.000000
v -3.253373 1.402594 0.000000
v -3.282594 1.373373 0.000000
v -3.308600 1.341258 0.000000
v -3.331107 1.306600 0.000000
v -3.349868 1.269780 0.000000
v -3.364677 1.231200 0.000000
v -3.375373 1.191284 0.000000
v -3.381837 1.150468 0.000000
v -3.384000 1.109200 0.000000
v -3.384000 -1.109200 0.000000
v -3.381837 -1.150468 0.000000
v -3.375373 -1.191284 0.000000
v -3.364677 -1.231200 0.000000
v -3.349868 -1.269780 0.000000
v -3.331107 -1.306600 0.000000
v -3.308600 -1.341258 0.000000
v -3.282594 -1.373373 0.000000
v -3.253373 -1.402594 0.000000
v -3.221258 -1.428600 0.000000
v -3.186600 -1.451107 0.000000
v -3.149780 -1.469868 0.000000
v -3.111200 -1.484677 0.000000
v -3.071284 -1.495373 0.000000
v -3.030468 -1.501837 0.000000
v -2.989200 -1.504000 0.000000
v 2.989200 -1.504000 0.000000
v 3.030468 -1.501837 0.000000
v 3.071284 -1.495373 0.000000
v 3.111200 -1.484677 0.000000
v 3.149780 -1.469868 0.000000
v 3.186600 -1.451107 0.000000
v 3.221258 -1.428600 0.000000
v 3.253373 -1.402594 0.000000
v 3.282594 -1.373373 0.000000
v 3.308600 -1.341258 0.000000
v 3.331107 -1.306600 0.000000
v 3.349868 -1.269780 0.000000
v 3.364677 -1.231200 0.000000
v 3.375373 -1.191284 0.000000
v 3.381837 -1.150468 0.000000
v 3.384000 -1.109200 0.000000
v 3.600000 1.180000 0.280000
v 3.597699 1.223902 0.280000
v 3.590822 1.267323 0.280000
v 3.579444 1.309787 0.280000
v 3.563689 1.350829 0.280000
v 3.543731 1.390000 0.280000
v 3.519787 1.426870 0.280000
v 3.492121 1.461035 0.280000
v 3.461035 1.492121 0.280000
v 3.426870 1.519787 0.280000
v 3.390000 1.543731 0.280000
v 3.350829 1.563689 0.280000
v 3.309787 1.579444 0.280000
v 3.267323 1.590822 0.280000
v 3.223902 1.597699 0.280000
v 3.180000 1.600000 0.280000
v -3.180000 1.600000 0.280000
v -3.223902 1.597699 0.280000
v -3.267323 1.590822 0.280000
v -3.309787 1.579444 0.280000
v -3.350829 1.563689 0.280000
v -3.390000 1.543731 0.280000
v -3.426870 1.519787 0.280000
v -3.461035 1.492121 0.280000
v -3.492121 1.461035 0.280000
v -3.519787 1.426870 0.280000
v -3.543731 1.390000 0.280000
v -3.563689 1.350829 0.280000
v -3.579444 1.309787 0.280000
v -3.590822 1.267323 0.280000
v -3.597699 1.223902 0.280000
v -3.600000 1.180000 0.280000
v -3.600000 -1.180000 0.280000
v -3.597699 -1.223902 0.280000
v -3.590822 -1.267323 0.280000
v -3.579444 -1.309787 0.280000
v -3.563689 -1.350829 0.280000
v -3.543731 -1.390000 0.280000
v -3.519787 -1.426870 0.280000
v -3.492121 -1.461035 0.280000
v -3.461035 -1.492121 0.280000
v -3.426870 -1.519787 0.280000
v -3.390000 -1.543731 0.280000
v -3.350829 -1.563689 0.280000
v -3.309787 -1.579444 0.280000
v -3.267323 -1.590822 0.280000
v -3.223902 -1.597699 0.280000
v -3.180000 -1.600000 0.280000
v 3.180000 -1.600000 0.280000
v 3.223902 -1.597699 0.280000
v 3.267323 -1.590822 0.280000
v 3.309787 -1.579444 0.280000
v 3.350829 -1.563689 0.280000
v 3.390000 -1.543731 0.280000
v 3.426870 -1.519787 0.280000
v 3.461035 -1.492121 0.280000
v 3.492121 -1.461035 0.280000
v 3.519787 -1.426870 0.280000
v 3.543731 -1.390000 0.280000
v 3.563689 -1.350829 0.280000
v 3.579444 -1.309787 0.280000
v 3.590822 -1.267323 0.280000
v 3.597699 -1.223902 0.280000
v 3.600000 -1.180000 0.280000
v 3.600000 1.180000 1.653333
v 3.597699 1.223902 1.653333
v 3.590822 1.267323 1.653333
v 3.579444 1.309787 1.653333
v 3.563689 1.350829 1.653333
v 3.543731 1.390000 1.653333
v 3.519787 1.426870 1.653333
v 3.492121 1.461035 1.653333
v 3.461035 1.492121 1.653333
v 3.426870 1.519787 1.653333
v 3.390000 1.543731 1.653333
v 3.350829 1.563689 1.653333
v 3.309787 1.579444 1.653333
v 3.267323 1.590822 1.653333
v 3.223902 1.597699 1.653333
v 3.180000 1.600000 1.653333
v -3.180000 1.600000 1.653333
v -3.223902 1.597699 1.653333
v -3.267323 1.590822 1.653333
v -3.309787 1.579444 1.653333
v -3.350829 1.563689 1.653333
v -3.390000 1.543731 1.653333
v -3.426870 1.519787 1.653333
v -3.461035 1.492121 1.653333
v -3.492121 1.461035 1.653333
v -3.519787 1.426870 1.653333
v -3.543731 1.390000 1.653333
v -3.563689 1.350829 1.653333
v -3.579444 1.309787 1.653333
v -3.590822 1.267323 1.653333
v -3.597699 1.223902 1.653333
v -3.600000 1.180000 1.653333
v -3.600000 -1.180000 1.653333
v -3.597699 -1.223902 1.653333
v -3.590822 -1.267323 1.653333
v -3.579444 -1.309787 1.653333
v -3.563689 -1.350829 1.653333
v -3.543731 -1.390000 1.653333
v -3.519787 -1.426870 1.653333
v -3.492121 -1.461035 1.653333
v -3.461035 -1.492121 1.653333
v -3.426870 -1.519787 1.653333
v -3.390000 -1.543731 1.653333
v -3.350829 -1.563689 1.653333
v -3.309787 -1.579444 1.653333
v -3.267323 -1.590822 1.653333
v -3.223902 -1.597699 1.653333
v -3.180000 -1.600000 1.653333
v 3.180000 -1.600000 1.653333
v 3.223902 -1.597699 1.653333
v 3.267323 -1.590822 1.653333
v 3.309787 -1.579444 1.653333
v 3.350829 -1.563689 1.653333
v 3.390000 -1.543731 1.653333
v 3.426870 -1.519787 1.653333
v 3.461035 -1.492121 1.653333
v 3.492121 -1.461035 1.653333
v 3.519787 -1.426870 1.653333
v 3.543731 -1.390000 1.653333
v 3.563689 -1.350829 1.653333
v 3.579444 -1.309787 1.653333
v 3.590822 -1.267323 1.653333
v 3.597699 -1.223902 1.653333
v 3.600000 -1.180000 1.653333
v 3.600000 1.180000 3.026667
v 3.597699 1.223902 3.026667
v 3.590822 1.267323 3.026667
v 3.579444 1.309787 3.026667
v 3.563689 1.350829 3.026667
v 3.543731 1.390000 3.026667
v 3.519787 1.426870 3.026667
v 3.492121 1.461035 3.026667
v 3.461035 1.492121 3.026667
v 3.426870 1.519787 3.026667
v 3.390000 1.543731 3.026667
v 3.350829 1.563689 3.026667
v 3.309787 1.579444 3.026667
v 3.267323 1.590822 3.026667
v 3.223902 1.597699 3.026667
v 3.180000 1.600000 3.026667
v -3.180000 1.600000 3.026667
v -3.223902 1.597699 3.026667
v -3.267323 1.590822 3.026667
v -3.309787 1.579444 3.026667
v -3.350829 1.563689 3.026667
v -3.390000 1.543731 3.026667
v -3.426870 1.519787 3.026667
v -3.461035 1.492121 3.026667
v -3.492121 1.461035 3.026667
v -3.519787 1.426870 3.026667
v -3.543731 1.390000 3.026667
v -3.563689 1.350829 3.026667
v -3.579444 1.309787 3.026667
v -3.590822 1.267323 3.026667
v -3.597699 1.223902 3.026667
v -3.600000 1.180000 3.026667
v -3.600000 -1.180000 3.026667
v -3.597699 -1.223902 3.026667
v -3.590822 -1.267323 3.026667
v -3.579444 -1.309787 3.026667
v -3.563689 -1.350829 3.026667
v -3.543731 -1.390000 3.026667
v -3.519787 -1.426870 3.026667
v -3.492121 -1.461035 3.026667
v -3.461035 -1.492121 3.026667
v -3.426870 -1.519787 3.026667
v -3.390000 -1.543731 3.026667
v -3.350829 -1.563689 3.026667
v -3.309787 -1.579444 3.026667
v -3.267323 -1.590822 3.026667
v -3.223902 -1.597699 3.026667
v -3.180000 -1.600000 3.026667
v 3.180000 -1.600000 3.026667
v 3.223902 -1.597699 3.026667
v 3.267323 -1.590822 3.026667
v 3.309787 -1.579444 3.026667
v 3.350829 -1.563689 3.026667
v 3.390000 -1.543731 3.026667
v 3.426870 -1.519787 3.026667
v 3.461035 -1.492121 3.026667
v 3.492121 -1.461035 3.026667
v 3.519787 -1.426870 3.026667
v 3.543731 -1.390000 3.026667
v 3.563689 -1.350829 3.026667
v 3.579444 -1.309787 3.026667
v 3.590822 -1.267323 3.026667
v 3.597699 -1.223902 3.026667
v 3.600000 -1.180000 3.026667
v 3.600000 1.180000 4.400000
v 3.597699 1.223902 4.400000
v 3.590822 1.267323 4.400000
v 3.579444 1.309787 4.400000
v 3.563689 1.350829 4.400000
v 3.543731 1.390000 4.400000
v 3.519787 1.426870 4.400000
v 3.492121 1.461035 4.400000
v 3.461035 1.492121 4.400000
v 3.426870 1.519787 4.400000
v 3.390000 1.543731 4.400000
v 3.350829 1.563689 4.400000
v 3.309787 1.579444 4.400000
v 3.267323 1.590822 4.400000
v 3.223902 1.597699 4.400000
v 3.180000 1.600000 4.400000
v -3.180000 1.600000 4.400000
v -3.223902 1.597699 4.400000
v -3.267323 1.590822 4.400000
v -3.309787 1.579444 4.400000
v -3.350829 1.563689 4.400000
v -3.390000 1.543731 4.400000
v -3.426870 1.519787 4.400000
v -3.461035 1.492121 4.400000
v -3.492121 1.461035 4.400000
v -3.519787 1.426870 4.400000
v -3.543731 1.390000 4.400000
v -3.563689 1.350829 4.400000
v -3.579444 1.309787 4.400000
v -3.590822 1.267323 4.400000
v -3.597699 1.223902 4.400000
v -3.600000 1.180000 4.400000
v -3.600000 -1.180000 4.400000
v -3.597699 -1.223902 4.400000
v -3.590822 -1.267323 4.400000
v -3.579444 -1.309787 4.400000
v -3.563689 -1.350829 4.400000
v -3.543731 -1.390000 4.400000
v -3.519787 -1.426870 4.400000
v -3.492121 -1.461035 4.400000
v -3.461035 -1.492121 4.400000
v -3.426870 -1.519787 4.400000
v -3.390000 -1.543731 4.400000
v -3.350829 -1.563689 4.400000
v -3.309787 -1.579444 4.400000
v -3.267323 -1.590822 4.400000
v -3.223902 -1.597699 4.400000
v -3.180000 -1.600000 4.400000
v 3.180000 -1.600000 4.400000
v 3.223902 -1.597699 4.400000
v 3.267323 -1.590822 4.400000
v 3.309787 -1.579444 4.400000
v 3.350829 -1.563689 4.400000
v 3.390000 -1.543731 4.400000
v 3.426870 -1.519787 4.400000
v 3.461035 -1.492121 4.400000
v 3.492121 -1.461035 4.400000
v 3.519787 -1.426870 4.400000
v 3.543731 -1.390000 4.400000
v 3.563689 -1.350829 4.400000
v 3.579444 -1.309787 4.400000
v 3.590822 -1.267323 4.400000
v 3.597699 -1.223902 4.400000
v 3.600000 -1.180000 4.400000
v 3.600000 1.180000 5.773333
v 3.597699 1.223902 5.773333
v 3.590822 1.267323 5.773333
v 3.579444 1.309787 5.773333
v 3.563689 1.350829 5.773333
v 3.543731 1.390000 5.773333
v 3.519787 1.426870 5.773333
v 3.492121 1.461035 5.773333
v 3.461035 1.492121 5.773333
v 3.426870 1.519787 5.773333
v 3.390000 1.543731 5.773333
v 3.350829 1.563689 5.773333
v 3.309787 1.579444 5.773333
v 3.267323 1.590822 5.773333
v 3.223902 1.597699 5.773333
v 3.180000 1.600000 5.773333
v -3.180000 1.600000 5.773333
v -3.223902 1.597699 5.773333
v -3.267323 1.590822 5.773333
v -3.309787 1.579444 5.773333
v -3.350829 1.563689 5.773333
v -3.390000 1.543731 5.773333
v -3.426870 1.519787 5.773333
v -3.461035 1.492121 5.773333
v -3.492121 1.461035 5.773333
v -3.519787 1.426870 5.773333
v -3.543731 1.390000 5.773333
v -3.563689 1.350829 5.773333
v -3.579444 1.309787 5.773333
v -3.590822 1.267323 5.773333
v -3.597699 1.223902 5.773333
v -3.600000 1.180000 5.773333
v -3.600000 -1.180000 5.773333
v -3.597699 -1.223902 5.773333
v -3.590822 -1.267323 5.773333
v -3.579444 -1.309787 5.773333
v -3.563689 -1.350829 5.773333
v -3.543731 -1.390000 5.773333
v -3.519787 -1.426870 5.773333
v -3.492121 -1.461035 5.773333
v -3.461035 -1.492121 5.773333
v -3.426870 -1.519787 5.773333
v -3.390000 -1.543731 5.773333
v -3.350829 -1.563689 5.773333
v -3.309787 -1.579444 5.773333
v -3.267323 -1.590822 5.773333
v -3.223902 -1.597699 5.773333
v -3.180000 -1.600000 5.773333
v 3.180000 -1.600000 5.773333
v 3.223902 -1.597699 5.773333
v 3.267323 -1.590822 5.773333
v 3.309787 -1.579444 5.773333
v 3.350829 -1.563689 5.773333
v 3.390000 -1.543731 5.773333
v 3.426870 -1.519787 5.773333
v 3.461035 -1.492121 5.773333
v 3.492121 -1.461035 5.773333
v 3.519787 -1.426870 5.773333
v 3.543731 -1.390000 5.773333
v 3.563689 -1.350829 5.773333
v 3.579444 -1.309787 5.773333
v 3.590822 -1.267323 5.773333
v 3.597699 -1.223902 5.773333
v 3.600000 -1.180000 5.773333
v 3.600000 1.180000 7.146667
v 3.597699 1.223902 7.146667
v 3.590822 1.267323 7.146667
v 3.579444 1.309787 7.146667
v 3.563689 1.350829 7.146667
v 3.543731 1.390000 7.146667
v 3.519787 1.426870 7.146667
v 3.492121 1.461035 7.146667
v 3.461035 1.492121 7.146667
v 3.426870 1.519787 7.146667
v 3.390000 1.543731 7.146667
v 3.350829 1.563689 7.146667
v 3.309787 1.579444 7.146667
v 3.267323 1.590822 7.146667
v 3.223902 1.597699 7.146667
v 3.180000 1.600000 7.146667
v -3.180000 1.600000 7.146667
v -3.223902 1.597699 7.146667
v -3.267323 1.590822 7.146667
v -3.309787 1.579444 7.146667
v -3.350829 1.563689 7.146667
v -3.390000 1.543731 7.146667
v -3.426870 1.519787 7.146667
v -3.461035 1.492121 7.146667
v -3.492121 1.461035 7.146667
v -3.519787 1.426870 7.146667
v -3.543731 1.390000 7.146667
v -3.563689 1.350829 7.146667
v -3.579444 1.309787 7.146667
v -3.590822 1.267323 7.146667
v -3.597699 1.223902 7.146667
v -3.600000 1.180000 7.146667
v -3.600000 -1.180000 7.146667
v -3.597699 -1.223902 7.146667
v -3.590822 -1.267323 7.146667
v -3.579444 -1.309787 7.146667
v -3.563689 -1.350829 7.146667
v -3.543731 -1.390000 7.146667
v -3.519787 -1.426870 7.146667
v -3.492121 -1.461035 7.146667
v -3.461035 -1.492121 7.146667
v -3.426870 -1.519787 7.146667
v -3.390000 -1.543731 7.146667
v -3.350829 -1.563689 7.146667
v -3.309787 -1.579444 7.146667
v -3.267323 -1.590822 7.146667
v -3.223902 -1.597699 7.146667
v -3.180000 -1.600000 7.146667
v 3.180000 -1.600000 7.146667
v 3.223902 -1.597699 7.146667
v 3.267323 -1.590822 7.146667
v 3.309787 -1.579444 7.146667
v 3.350829 -1.563689 7.146667
v 3.390000 -1.543731 7.146667
v 3.426870 -1.519787 7.146667
v 3.461035 -1.492121 7.146667
v 3.492121 -1.461035 7.146667
v 3.519787 -1.426870 7.146667
v 3.543731 -1.390000 7.146667
v 3.563689 -1.350829 7.146667
v 3.579444 -1.309787 7.146667
v 3.590822 -1.267323 7.146667
v 3.597699 -1.223902 7.146667
v 3.600000 -1.180000 7.146667
v 3.600000 1.180000 8.520000
v 3.597699 1.223902 8.520000
v 3.590822 1.267323 8.520000
v 3.579444 1.309787 8.520000
v 3.563689 1.350829 8.520000
v 3.543731 1.390000 8.520000
v 3.519787 1.426870 8.520000
v 3.492121 1.461035 8.520000
v 3.461035 1.492121 8.520000
v 3.426870 1.519787 8.520000
v 3.390000 1.543731 8.520000
v 3.350829 1.563689 8.520000
v 3.309787 1.579444 8.520000
v 3.267323 1.590822 8.520000
v 3.223902 1.597699 8.520000
v 3.180000 1.600000 8.520000
v -3.180000 1.600000 8.520000
v -3.223902 1.597699 8.520000
v -3.267323 1.590822 8.520000
v -3.309787 1.579444 8.520000
v -3.350829 1.563689 8.520000
v -3.390000 1.543731 8.520000
v -3.426870 1.519787 8.520000
v -3.461035 1.492121 8.520000
v -3.492121 1.461035 8.520000
v -3.519787 1.426870 8.520000
v -3.543731 1.390000 8.520000
v -3.563689 1.350829 8.520000
v -3.579444 1.309787 8.520000
v -3.590822 1.267323 8.520000
v -3.597699 1.223902 8.520000
v -3.600000 1.180000 8.520000
v -3.600000 -1.180000 8.520000
v -3.597699 -1.223902 8.520000
v -3.590822 -1.267323 8.520000
v -3.579444 -1.309787 8.520000
v -3.563689 -1.350829 8.520000
v -3.543731 -1.390000 8.520000
v -3.519787 -1.426870 8.520000
v -3.492121 -1.461035 8.520000
v -3.461035 -1.492121 8.520000
v -3.426870 -1.519787 8.520000
v -3.390000 -1.543731 8.520000
v -3.350829 -1.563689 8.520000
v -3.309787 -1.579444 8.520000
v -3.267323 -1.590822 8.520000
v -3.223902 -1.597699 8.520000
v -3.180000 -1.600000 8.520000
v 3.180000 -1.600000 8.520000
v 3.223902 -1.597699 8.520000
v 3.267323 -1.590822 8.520000
v 3.309787 -1.579444 8.520000
v 3.350829 -1.563689 8.520000
v 3.390000 -1.543731 8.520000
v 3.426870 -1.519787 8.520000
v 3.461035 -1.492121 8.520000
v 3.492121 -1.461035 8.520000
v 3.519787 -1.426870 8.520000
v 3.543731 -1.390000 8.520000
v 3.563689 -1.350829 8.520000
v 3.579444 -1.309787 8.520000
v 3.590822 -1.267323 8.520000
v 3.597699 -1.223902 8.520000
v 3.600000 -1.180000 8.520000
v 3.384000 1.109200 8.800000
v 3.381837 1.150468 8.800000
v 3.375373 1.191284 8.800000
v 3.364677 1.231200 8.800000
v 3.349868 1.269780 8.800000
v 3.331107 1.306600 8.800000
v 3.308600 1.341258 8.800000
v 3.282594 1.373373 8.800000
v 3.253373 1.402594 8.800000
v 3.221258 1.428600 8.800000
v 3.186600 1.451107 8.800000
v 3.149780 1.469868 8.800000
v 3.111200 1.484677 8.800000
v 3.071284 1.495373 8.800000
v 3.030468 1.501837 8.800000
v 2.989200 1.504000 8.800000
v -2.989200 1.504000 8.800000
v -3.030468 1.501837 8.800000
v -3.071284 1.495373 8.800000
v -3.111200 1.484677 8.800000
v -3.149780 1.469868 8.800000
v -3.186600 1.451107 8.800000
v -3.221258 1.428600 8.800000
v -3.253373 1.402594 8.800000
v -3.282594 1.373373 8.800000
v -3.308600 1.341258 8.800000
v -3.331107 1.306600 8.800000
v -3.349868 1.269780 8.800000
v -3.364677 1.231200 8.800000
v -3.375373 1.191284 8.800000
v -3.381837 1.150468 8.800000
v -3.384000 1.109200 8.800000
v -3.384000 -1.109200 8.800000
v -3.381837 -1.150468 8.800000
v -3.375373 -1.191284 8.800000
v -3.364677 -1.231200 8.800000
v -3.349868 -1.269780 8.800000
v -3.331107 -1.306600 8.800000
v -3.308600 -1.341258 8.800000
v -3.282594 -1.373373 8.800000
v -3.253373 -1.402594 8.800000
v -3.221258 -1.428600 8.800000
v -3.186600 -1.451107 8.800000
v -3.149780 -1.469868 8.800000
v -3.111200 -1.484677 8.800000
v -3.071284 -1.495373 8.800000
v -3.030468 -1.501837 8.800000
v -2.989200 -1.504000 8.800000
v 2.989200 -1.504000 8.800000
v 3.030468 -1.501837 8.800000
v 3.071284 -1.495373 8.800000
v 3.111200 -1.484677 8.800000
v 3.149780 -1.469868 8.800000
v 3.186600 -1.451107 8.800000
v 3.221258 -1.428600 8.800000
v 3.253373 -1.402594 8.800000
v 3.282594 -1.373373 8.800000
v 3.308600 -1.341258 8.800000
v 3.331107 -1.306600 8.800000
v 3.349868 -1.269780 8.800000
v 3.364677 -1.231200 8.800000
v 3.375373 -1.191284 8.800000
v 3.381837 -1.150468 8.800000
v 3.384000 -1.109200 8.800000
v 0.000000 0.000000 0.000000
v 0.000000 0.000000 8.800000
v 3.078500 0.878900 0.000000
v 3.076749 0.912307 0.000000
v 3.071516 0.945349 0.000000
v 3.062858 0.977662 0.000000
v 3.050869 1.008893 0.000000
v 3.035682 1.038700 0.000000
v 3.017462 1.066756 0.000000
v 2.996409 1.092754 0.000000
v 2.972754 1.116409 0.000000
v 2.946756 1.137462 0.000000
v 2.918700 1.155682 0.000000
v 2.888893 1.170869 0.000000
v 2.857662 1.182858 0.000000
v 2.825349 1.191516 0.000000
v 2.792307 1.196749 0.000000
v 2.758900 1.198500 0.000000
v -2.758900 1.198500 0.000000
v -2.792307 1.196749 0.000000
v -2.825349 1.191516 0.000000
v -2.857662 1.182858 0.000000
v -2.888893 1.170869 0.000000
v -2.918700 1.155682 0.000000
v -2.946756 1.137462 0.000000
v -2.972754 1.116409 0.000000
v -2.996409 1.092754 0.000000
v -3.017462 1.066756 0.000000
v -3.035682 1.038700 0.000000
v -3.050869 1.008893 0.000000
v -3.062858 0.977662 0.000000
v -3.071516 0.945349 0.000000
v -3.076749 0.912307 0.000000
v -3.078500 0.878900 0.000000
v -3.078500 -0.878900 0.000000
v -3.076749 -0.912307 0.000000
v -3.071516 -0.945349 0.000000
v -3.062858 -0.977662 0.000000
v -3.050869 -1.008893 0.000000
v -3.035682 -1.038700 0.000000
v -3.017462 -1.066756 0.000000
v -2.996409 -1.092754 0.000000
v -2.972754 -1.116409 0.000000
v -2.946756 -1.137462 0.000000
v -2.918700 -1.155682 0.000000
v -2.888893 -1.170869 0.000000
v -2.857662 -1.182858 0.000000
v -2.825349 -1.191516 0.000000
v -2.792307 -1.196749 0.000000
v -2.758900 -1.198500 0.000000
v 2.758900 -1.198500 0.000000
v 2.792307 -1.196749 0.000000
v 2.825349 -1.191516 0.000000
v 2.857662 -1.182858 0.000000
v 2.888893 -1.170869 0.000000
v 2.918700 -1.155682 0.000000
v 2.946756 -1.137462 0.000000
v 2.972754 -1.116409 0.000000
v 2.996409 -1.092754 0.000000
v 3.017462 -1.066756 0.000000
v 3.035682 -1.038700 0.000000
v 3.050869 -1.008893 0.000000
v 3.062858 -0.977662 0.000000
v 3.071516 -0.945349 0.000000
v 3.076749 -0.912307 0.000000
v 3.078500 -0.878900 0.000000
v 3.275000 0.935000 0.180000
v 3.273137 0.970540 0.180000
v 3.267570 1.005690 0.180000
v 3.258359 1.040066 0.180000
v 3.245605 1.073290 0.180000
v 3.229449 1.105000 0.180000
v 3.210066 1.134847 0.180000
v 3.187669 1.162504 0.180000
v 3.162504 1.187669 0.180000
v 3.134847 1.210066 0.180000
v 3.105000 1.229449 0.180000
v 3.073290 1.245605 0.180000
v 3.040066 1.258359 0.180000
v 3.005690 1.267570 0.180000
v 2.970540 1.273137 0.180000
v 2.935000 1.275000 0.180000
v -2.935000 1.275000 0.180000
v -2.970540 1.273137 0.180000
v -3.005690 1.267570 0.180000
v -3.040066 1.258359 0.180000
v -3.073290 1.245605 0.180000
v -3.105000 1.229449 0.180000
v -3.134847 1.210066 0.180000
v -3.162504 1.187669 0.180000
v -3.187669 1.162504 0.180000
v -3.210066 1.134847 0.180000
v -3.229449 1.105000 0.180000
v -3.245605 1.073290 0.180000
v -3.258359 1.040066 0.180000
v -3.267570 1.005690 0.180000
v -3.273137 0.970540 0.180000
v -3.275000 0.935000 0.180000
v -3.275000 -0.935000 0.180000
v -3.273137 -0.970540 0.180000
v -3.267570 -1.005690 0.180000
v -3.258359 -1.040066 0.180000
v -3.245605 -1.073290 0.180000
v -3.229449 -1.105000 0.180000
v -3.210066 -1.134847 0.180000
v -3.187669 -1.162504 0.180000
v -3.162504 -1.187669 0.180000
v -3.134847 -1.210066 0.180000
v -3.105000 -1.229449 0.180000
v -3.073290 -1.245605 0.180000
v -3.040066 -1.258359 0.180000
v -3.005690 -1.267570 0.180000
v -2.970540 -1.273137 0.180000
v -2.935000 -1.275000 0.180000
v 2.935000 -1.275000 0.180000
v 2.970540 -1.273137 0.180000
v 3.005690 -1.267570 0.180000
v 3.040066 -1.258359 0.180000
v 3.073290 -1.245605 0.180000
v 3.105000 -1.229449 0.180000
v 3.134847 -1.210066 0.180000
v 3.162504 -1.187669 0.180000
v 3.187669 -1.162504 0.180000
v 3.210066 -1.134847 0.180000
v 3.229449 -1.105000 0.180000
v 3.245605 -1.073290 0.180000
v 3.258359 -1.040066 0.180000
v 3.267570 -1.005690 0.180000
v 3.273137 -0.970540 0.180000
v 3.275000 -0.935000 0.180000
v 3.275000 0.935000 1.638000
v 3.273137 0.970540 1.638000
v 3.267570 1.005690 1.638000
v 3.258359 1.040066 1.638000
v 3.245605 1.073290 1.638000
v 3.229449 1.105000 1.638000
v 3.210066 1.134847 1.638000
v 3.187669 1.162504 1.638000
v 3.162504 1.187669 1.638000
v 3.134847 1.210066 1.638000
v 3.105000 1.229449 1.638000
v 3.073290 1.245605 1.638000
v 3.040066 1.258359 1.638000
v 3.005690 1.267570 1.638000
v 2.970540 1.273137 1.638000
v 2.935000 1.275000 1.638000
v -2.935000 1.275000 1.638000
v -2.970540 1.273137 1.638000
v -3.005690 1.267570 1.638000
v -3.040066 1.258359 1.638000
v -3.073290 1.245605 1.638000
v -3.105000 1.229449 1.638000
v -3.134847 1.210066 1.638000
v -3.162504 1.187669 1.638000
v -3.187669 1.162504 1.638000
v -3.210066 1.134847 1.638000
v -3.229449 1.105000 1.638000
v -3.245605 1.073290 1.638000
v -3.258359 1.040066 1.638000
v -3.267570 1.005690 1.638000
v -3.273137 0.970540 1.638000
v -3.275000 0.935000 1.638000
v -3.275000 -0.935000 1.638000
v -3.273137 -0.970540 1.638000
v -3.267570 -1.005690 1.638000
v -3.258359 -1.040066 1.638000
v -3.245605 -1.073290 1.638000
v -3.229449 -1.105000 1.638000
v -3.210066 -1.134847 1.638000
v -3.187669 -1.162504 1.638000
v -3.162504 -1.187669 1.638000
v -3.134847 -1.210066 1.638000
v -3.105000 -1.229449 1.638000
v -3.073290 -1.245605 1.638000
v -3.040066 -1.258359 1.638000
v -3.005690 -1.267570 1.638000
v -2.970540 -1.273137 1.638000
v -2.935000 -1.275000 1.638000
v 2.935000 -1.275000 1.638000
v 2.970540 -1.273137 1.638000
v 3.005690 -1.267570 1.638000
v 3.040066 -1.258359 1.638000
v 3.073290 -1.245605 1.638000
v 3.105000 -1.229449 1.638000
v 3.134847 -1.210066 1.638000
v 3.162504 -1.187669 1.638000
v 3.187669 -1.162504 1.638000
v 3.210066 -1.134847 1.638000
v 3.229449 -1.105000 1.638000
v 3.245605 -1.073290 1.638000
v 3.258359 -1.040066 1.638000
v 3.267570 -1.005690 1.638000
v 3.273137 -0.970540 1.638000
v 3.275000 -0.935000 1.638000
v 3.275000 0.935000 3.096000
v 3.273137 0.970540 3.096000
v 3.267570 1.005690 3.096000
v 3.258359 1.040066 3.096000
v 3.245605 1.073290 3.096000
v 3.229449 1.105000 3.096000
v 3.210066 1.134847 3.096000
v 3.187669 1.162504 3.096000
v 3.162504 1.187669 3.096000
v 3.134847 1.210066 3.096000
v 3.105000 1.229449 3.096000
v 3.073290 1.245605 3.096000
v 3.040066 1.258359 3.096000
v 3.005690 1.267570 3.096000
v 2.970540 1.273137 3.096000
v 2.935000 1.275000 3.096000
v -2.935000 1.275000 3.096000
v -2.970540 1.273137 3.096000
v -3.005690 1.267570 3.096000
v -3.040066 1.258359 3.096000
v -3.073290 1.245605 3.096000
v -3.105000 1.229449 3.096000
v -3.134847 1.210066 3.096000
v -3.162504 1.187669 3.096000
v -3.187669 1.162504 3.096000
v -3.210066 1.134847 3.096000
v -3.229449 1.105000 3.096000
v -3.245605 1.073290 3.096000
v -3.258359 1.040066 3.096000
v -3.267570 1.005690 3.096000
v -3.273137 0.970540 3.096000
v -3.275000 0.935000 3.096000
v -3.275000 -0.935000 3.096000
v -3.273137 -0.970540 3.096000
v -3.267570 -1.005690 3.096000
v -3.258359 -1.040066 3.096000
v -3.245605 -1.073290 3.096000
v -3.229449 -1.105000 3.096000
v -3.210066 -1.134847 3.096000
v -3.187669 -1.162504 3.096000
v -3.162504 -1.187669 3.096000
v -3.134847 -1.210066 3.096000
v -3.105000 -1.229449 3.096000
v -3.073290 -1.245605 3.096000
v -3.040066 -1.258359 3.096000
v -3.005690 -1.267570 3.096000
v -2.970540 -1.273137 3.096000
v -2.935000 -1.275000 3.096000
v 2.935000 -1.275000 3.096000
v 2.970540 -1.273137 3.096000
v 3.005690 -1.267570 3.096000
v 3.040066 -1.258359 3.096000
v 3.073290 -1.245605 3.096000
v 3.105000 -1.229449 3.096000
v 3.134847 -1.210066 3.096000
v 3.162504 -1.187669 3.096000
v 3.187669 -1.162504 3.096000
v 3.210066 -1.134847 3.096000
v 3.229449 -1.105000 3.096000
v 3.245605 -1.073290 3.096000
v 3.258359 -1.040066 3.096000
v 3.267570 -1.005690 3.096000
v 3.273137 -0.970540 3.096000
v 3.275000 -0.935000 3.096000
v 3.275000 0.935000 4.554000
v 3.273137 0.970540 4.554000
v 3.267570 1.005690 4.554000
v 3.258359 1.040066 4.554000
v 3.245605 1.073290 4.554000
v 3.229449 1.105000 4.554000
v 3.210066 1.134847 4.554000
v 3.187669 1.162504 4.554000
v 3.162504 1.187669 4.554000
v 3.134847 1.210066 4.554000
v 3.105000 1.229449 4.554000
v 3.073290 1.245605 4.554000
v 3.040066 1.258359 4.554000
v 3.005690 1.267570 4.554000
v 2.970540 1.273137 4.554000
v 2.935000 1.275000 4.554000
v -2.935000 1.275000 4.554000
v -2.970540 1.273137 4.554000
v -3.005690 1.267570 4.554000
v -3.040066 1.258359 4.554000
v -3.073290 1.245605 4.554000
v -3.105000 1.229449 4.554000
v -3.134847 1.210066 4.554000
v -3.162504 1.187669 4.554000
v -3.187669 1.162504 4.554000
v -3.210066 1.134847 4.554000
v -3.229449 1.105000 4.554000
v -3.245605 1.073290 4.554000
v -3.258359 1.040066 4.554000
v -3.267570 1.005690 4.554000
v -3.273137 0.970540 4.554000
v -3.275000 0.935000 4.554000
v -3.275000 -0.935000 4.554000
v -3.273137 -0.970540 4.554000
v -3.267570 -1.005690 4.554000
v -3.258359 -1.040066 4.554000
v -3.245605 -1.073290 4.554000
v -3.229449 -1.105000 4.554000
v -3.210066 -1.134847 4.554000
v -3.187669 -1.162504 4.554000
v -3.162504 -1.187669 4.554000
v -3.134847 -1.210066 4.554000
v -3.105000 -1.229449 4.554000
v -3.073290 -1.245605 4.554000
v -3.040066 -1.258359 4.554000
v -3.005690 -1.267570 4.554000
v -2.970540 -1.273137 4.554000
v -2.935000 -1.275000 4.554000
v 2.935000 -1.275000 4.554000
v 2.970540 -1.273137 4.554000
v 3.005690 -1.267570 4.554000
v 3.040066 -1.258359 4.554000
v 3.073290 -1.245605 4.554000
v 3.105000 -1.229449 4.554000
v 3.134847 -1.210066 4.554000
v 3.162504 -1.187669 4.554000
v 3.187669 -1.162504 4.554000
v 3.210066 -1.134847 4.554000
v 3.229449 -1.105000 4.554000
v 3.245605 -1.073290 4.554000
v 3.258359 -1.040066 4.554000
v 3.267570 -1.005690 4.554000
v 3.273137 -0.970540 4.554000
v 3.275000 -0.935000 4.554000
v 3.275000 0.935000 6.012000
v 3.273137 0.970540 6.012000
v 3.267570 1.005690 6.012000
v 3.258359 1.040066 6.012000
v 3.245605 1.073290 6.012000
v 3.229449 1.105000 6.012000
v 3.210066 1.134847 6.012000
v 3.187669 1.162504 6.012000
v 3.162504 1.187669 6.012000
v 3.134847 1.210066 6.012000
v 3.105000 1.229449 6.012000
v 3.073290 1.245605 6.012000
v 3.040066 1.258359 6.012000
v 3.005690 1.267570 6.012000
v 2.970540 1.273137 6.012000
v 2.935000 1.275000 6.012000
v -2.935000 1.275000 6.012000
v -2.970540 1.273137 6.012000
v -3.005690 1.267570 6.012000
v -3.040066 1.258359 6.012000
v -3.073290 1.245605 6.012000
v -3.105000 1.229449 6.012000
v -3.134847 1.210066 6.012000
v -3.162504 1.187669 6.012000
v -3.187669 1.162504 6.012000
v -3.210066 1.134847 6.012000
v -3.229449 1.105000 6.012000
v -3.245605 1.073290 6.012000
v -3.258359 1.040066 6.012000
v -3.267570 1.005690 6.012000
v -3.273137 0.970540 6.012000
v -3.275000 0.935000 6.012000
v -3.275000 -0.935000 6.012000
v -3.273137 -0.970540 6.012000
v -3.267570 -1.005690 6.012000
v -3.258359 -1.040066 6.012000
v -3.245605 -1.073290 6.012000
v -3.229449 -1.105000 6.012000
v -3.210066 -1.134847 6.012000
v -3.187669 -1.162504 6.012000
v -3.162504 -1.187669 6.012000
v -3.134847 -1.210066 6.012000
v -3.105000 -1.229449 6.012000
v -3.073290 -1.245605 6.012000
v -3.040066 -1.258359 6.012000
v -3.005690 -1.267570 6.012000
v -2.970540 -1.273137 6.012000
v -2.935000 -1.275000 6.012000
v 2.935000 -1.275000 6.012000
v 2.970540 -1.273137 6.012000
v 3.005690 -1.267570 6.012000
v 3.040066 -1.258359 6.012000
v 3.073290 -1.245605 6.012000
v 3.105000 -1.229449 6.012000
v 3.134847 -1.210066 6.012000
v 3.162504 -1.187669 6.012000
v 3.187669 -1.162504 6.012000
v 3.210066 -1.134847 6.012000
v 3.229449 -1.105000 6.012000
v 3.245605 -1.073290 6.012000
v 3.258359 -1.040066 6.012000
v 3.267570 -1.005690 6.012000
v 3.273137 -0.970540 6.012000
v 3.275000 -0.935000 6.012000
v 3.275000 0.935000 7.470000
v 3.273137 0.970540 7.470000
v 3.267570 1.005690 7.470000
v 3.258359 1.040066 7.470000
v 3.245605 1.073290 7.470000
v 3.229449 1.105000 7.470000
v 3.210066 1.134847 7.470000
v 3.187669 1.162504 7.470000
v 3.162504 1.187669 7.470000
v 3.134847 1.210066 7.470000
v 3.105000 1.229449 7.470000
v 3.073290 1.245605 7.470000
v 3.040066 1.258359 7.470000
v 3.005690 1.267570 7.470000
v 2.970540 1.273137 7.470000
v 2.935000 1.275000 7.470000
v -2.935000 1.275000 7.470000
v -2.970540 1.273137 7.470000
v -3.005690 1.267570 7.470000
v -3.040066 1.258359 7.470000
v -3.073290 1.245605 7.470000
v -3.105000 1.229449 7.470000
v -3.134847 1.210066 7.470000
v -3.162504 1.187669 7.470000
v -3.187669 1.162504 7.470000
v -3.210066 1.134847 7.470000
v -3.229449 1.105000 7.470000
v -3.245605 1.073290 7.470000
v -3.258359 1.040066 7.470000
v -3.267570 1.005690 7.470000
v -3.273137 0.970540 7.470000
v -3.275000 0.935000 7.470000
v -3.275000 -0.935000 7.470000
v -3.273137 -0.970540 7.470000
v -3.267570 -1.005690 7.470000
v -3.258359 -1.040066 7.470000
v -3.245605 -1.073290 7.470000
v -3.229449 -1.105000 7.470000
v -3.210066 -1.134847 7.470000
v -3.187669 -1.162504 7.470000
v -3.162504 -1.187669 7.470000
v -3.134847 -1.210066 7.470000
v -3.105000 -1.229449 7.470000
v -3.073290 -1.245605 7.470000
v -3.040066 -1.258359 7.470000
v -3.005690 -1.267570 7.470000
v -2.970540 -1.273137 7.470000
v -2.935000 -1.275000 7.470000
v 2.935000 -1.275000 7.470000
v 2.970540 -1.273137 7.470000
v 3.005690 -1.267570 7.470000
v 3.040066 -1.258359 7.470000
v 3.073290 -1.245605 7.470000
v 3.105000 -1.229449 7.470000
v 3.134847 -1.210066 7.470000
v 3.162504 -1.187669 7.470000
v 3.187669 -1.162504 7.470000
v 3.210066 -1.134847 7.470000
v 3.229449 -1.105000 7.470000
v 3.245605 -1.073290 7.470000
v 3.258359 -1.040066 7.470000
v 3.267570 -1.005690 7.470000
v 3.273137 -0.970540 7.470000
v 3.275000 -0.935000 7.470000
v 3.078500 0.878900 7.650000
v 3.076749 0.912307 7.650000
v 3.071516 0.945349 7.650000
v 3.062858 0.977662 7.650000
v 3.050869 1.008893 7.650000
v 3.035682 1.038700 7.650000
v 3.017462 1.066756 7.650000
v 2.996409 1.092754 7.650000
v 2.972754 1.116409 7.650000
v 2.946756 1.137462 7.650000
v 2.918700 1.155682 7.650000
v 2.888893 1.170869 7.650000
v 2.857662 1.182858 7.650000
v 2.825349 1.191516 7.650000
v 2.792307 1.196749 7.650000
v 2.758900 1.198500 7.650000
v -2.758900 1.198500 7.650000
v -2.792307 1.196749 7.650000
v -2.825349 1.191516 7.650000
v -2.857662 1.182858 7.650000
v -2.888893 1.170869 7.650000
v -2.918700 1.155682 7.650000
v -2.946756 1.137462 7.650000
v -2.972754 1.116409 7.650000
v -2.996409 1.092754 7.650000
v -3.017462 1.066756 7.650000
v -3.035682 1.038700 7.650000
v -3.050869 1.008893 7.650000
v -3.062858 0.977662 7.650000
v -3.071516 0.945349 7.650000
v -3.076749 0.912307 7.650000
v -3.078500 0.878900 7.650000
v -3.078500 -0.878900 7.650000
v -3.076749 -0.912307 7.650000
v -3.071516 -0.945349 7.650000
v -3.062858 -0.977662 7.650000
v -3.050869 -1.008893 7.650000
v -3.035682 -1.038700 7.650000
v -3.017462 -1.066756 7.650000
v -2.996409 -1.092754 7.650000
v -2.972754 -1.116409 7.650000
v -2.946756 -1.137462 7.650000
v -2.918700 -1.155682 7.650000
v -2.888893 -1.170869 7.650000
v -2.857662 -1.182858 7.650000
v -2.825349 -1.191516 7.650000
v -2.792307 -1.196749 7.650000
v -2.758900 -1.198500 7.650000
v 2.758900 -1.198500 7.650000
v 2.792307 -1.196749 7.650000
v 2.825349 -1.191516 7.650000
v 2.857662 -1.182858 7.650000
v 2.888893 -1.170869 7.650000
v 2.918700 -1.155682 7.650000
v 2.946756 -1.137462 7.650000
v 2.972754 -1.116409 7.650000
v 2.996409 -1.092754 7.650000
v 3.017462 -1.066756 7.650000
v 3.035682 -1.038700 7.650000
v 3.050869 -1.008893 7.650000
v 3.062858 -0.977662 7.650000
v 3.071516 -0.945349 7.650000
v 3.076749 -0.912307 7.650000
v 3.078500 -0.878900 7.650000
v 0.000000 0.000000 0.000000
v 0.000000 0.000000 7.650000
v 1.348500 0.000000 8.720000
v 1.342007 0.132176 8.720000
v 1.322589 0.263079 8.720000
v 1.290434 0.391449 8.720000
v 1.245852 0.516049 8.720000
v 1.189271 0.635678 8.720000
v 1.121237 0.749186 8.720000
v 1.042405 0.855479 8.720000
v 0.953533 0.953533 8.720000
v 0.855479 1.042405 8.720000
v 0.749186 1.121237 8.720000
v 0.635678 1.189271 8.720000
v 0.516049 1.245852 8.720000
v 0.391449 1.290434 8.720000
v 0.263079 1.322589 8.720000
v 0.132176 1.342007 8.720000
v 0.000000 1.348500 8.720000
v -0.132176 1.342007 8.720000
v -0.263079 1.322589 8.720000
v -0.391449 1.290434 8.720000
v -0.516049 1.245852 8.720000
v -0.635678 1.189271 8.720000
v -0.749186 1.121237 8.720000
v -0.855479 1.042405 8.720000
v -0.953533 0.953533 8.720000
v -1.042405 0.855479 8.720000
v -1.121237 0.749186 8.720000
v -1.189271 0.635678 8.720000
v -1.245852 0.516049 8.720000
v -1.290434 0.391449 8.720000
v -1.322589 0.263079 8.720000
v -1.342007 0.132176 8.720000
v -1.348500 0.000000 8.720000
v -1.342007 -0.132176 8.720000
v -1.322589 -0.263079 8.720000
v -1.290434 -0.391449 8.720000
v -1.245852 -0.516049 8.720000
v -1.189271 -0.635678 8.720000
v -1.121237 -0.749186 8.720000
v -1.042405 -0.855479 8.720000
v -0.953533 -0.953533 8.720000
v -0.855479 -1.042405 8.720000
v -0.749186 -1.121237 8.720000
v -0.635678 -1.189271 8.720000
v -0.516049 -1.245852 8.720000
v -0.391449 -1.290434 8.720000
v -0.263079 -1.322589 8.720000
v -0.132176 -1.342007 8.720000
v -0.000000 -1.348500 8.720000
v 0.132176 -1.342007 8.720000
v 0.263079 -1.322589 8.720000
v 0.391449 -1.290434 8.720000
v 0.516049 -1.245852 8.720000
v 0.635678 -1.189271 8.720000
v 0.749186 -1.121237 8.720000
v 0.855479 -1.042405 8.720000
v 0.953533 -0.953533 8.720000
v 1.042405 -0.855479 8.720000
v 1.121237 -0.749186 8.720000
v 1.189271 -0.635678 8.720000
v 1.245852 -0.516049 8.720000
v 1.290434 -0.391449 8.720000
v 1.322589 -0.263079 8.720000
v 1.342007 -0.132176 8.720000
v 1.450000 0.000000 8.800000
v 1.443018 0.142125 8.800000
v 1.422139 0.282881 8.800000
v 1.387563 0.420913 8.800000
v 1.339625 0.554891 8.800000
v 1.278786 0.683525 8.800000
v 1.205631 0.805577 8.800000
v 1.120865 0.919870 8.800000
v 1.025305 1.025305 8.800000
v 0.919870 1.120865 8.800000
v 0.805577 1.205631 8.800000
v 0.683525 1.278786 8.800000
v 0.554891 1.339625 8.800000
v 0.420913 1.387563 8.800000
v 0.282881 1.422139 8.800000
v 0.142125 1.443018 8.800000
v 0.000000 1.450000 8.800000
v -0.142125 1.443018 8.800000
v -0.282881 1.422139 8.800000
v -0.420913 1.387563 8.800000
v -0.554891 1.339625 8.800000
v -0.683525 1.278786 8.800000
v -0.805577 1.205631 8.800000
v -0.919870 1.120865 8.800000
v -1.025305 1.025305 8.800000
v -1.120865 0.919870 8.800000
v -1.205631 0.805577 8.800000
v -1.278786 0.683525 8.800000
v -1.339625 0.554891 8.800000
v -1.387563 0.420913 8.800000
v -1.422139 0.282881 8.800000
v -1.443018 0.142125 8.800000
v -1.450000 0.000000 8.800000
v -1.443018 -0.142125 8.800000
v -1.422139 -0.282881 8.800000
v -1.387563 -0.420913 8.800000
v -1.339625 -0.554891 8.800000
v -1.278786 -0.683525 8.800000
v -1.205631 -0.805577 8.800000
v -1.120865 -0.919870 8.800000
v -1.025305 -1.025305 8.800000
v -0.919870 -1.120865 8.800000
v -0.805577 -1.205631 8.800000
v -0.683525 -1.278786 8.800000
v -0.554891 -1.339625 8.800000
v -0.420913 -1.387563 8.800000
v -0.282881 -1.422139 8.800000
v -0.142125 -1.443018 8.800000
v -0.000000 -1.450000 8.800000
v 0.142125 -1.443018 8.800000
v 0.282881 -1.422139 8.800000
v 0.420913 -1.387563 8.800000
v 0.554891 -1.339625 8.800000
v 0.683525 -1.278786 8.800000
v 0.805577 -1.205631 8.800000
v 0.919870 -1.120865 8.800000
v 1.025305 -1.025305 8.800000
v 1.120865 -0.919870 8.800000
v 1.205631 -0.805577 8.800000
v 1.278786 -0.683525 8.800000
v 1.339625 -0.554891 8.800000
v 1.387563 -0.420913 8.800000
v 1.422139 -0.282881 8.800000
v 1.443018 -0.142125 8.800000
v 1.450000 0.000000 9.260000
v 1.443018 0.142125 9.260000
v 1.422139 0.282881 9.260000
v 1.387563 0.420913 9.260000
v 1.339625 0.554891 9.260000
v 1.278786 0.683525 9.260000
v 1.205631 0.805577 9.260000
v 1.120865 0.919870 9.260000
v 1.025305 1.025305 9.260000
v 0.919870 1.120865 9.260000
v 0.805577 1.205631 9.260000
v 0.683525 1.278786 9.260000
v 0.554891 1.339625 9.260000
v 0.420913 1.387563 9.260000
v 0.282881 1.422139 9.260000
v 0.142125 1.443018 9.260000
v 0.000000 1.450000 9.260000
v -0.142125 1.443018 9.260000
v -0.282881 1.422139 9.260000
v -0.420913 1.387563 9.260000
v -0.554891 1.339625 9.260000
v -0.683525 1.278786 9.260000
v -0.805577 1.205631 9.260000
v -0.919870 1.120865 9.260000
v -1.025305 1.025305 9.260000
v -1.120865 0.919870 9.260000
v -1.205631 0.805577 9.260000
v -1.278786 0.683525 9.260000
v -1.339625 0.554891 9.260000
v -1.387563 0.420913 9.260000
v -1.422139 0.282881 9.260000
v -1.443018 0.142125 9.260000
v -1.450000 0.000000 9.260000
v -1.443018 -0.142125 9.260000
v -1.422139 -0.282881 9.260000
v -1.387563 -0.420913 9.260000
v -1.339625 -0.554891 9.260000
v -1.278786 -0.683525 9.260000
v -1.205631 -0.805577 9.260000
v -1.120865 -0.919870 9.260000
v -1.025305 -1.025305 9.260000
v -0.919870 -1.120865 9.260000
v -0.805577 -1.205631 9.260000
v -0.683525 -1.278786 9.260000
v -0.554891 -1.339625 9.260000
v -0.420913 -1.387563 9.260000
v -0.282881 -1.422139 9.260000
v -0.142125 -1.443018 9.260000
v -0.000000 -1.450000 9.260000
v 0.142125 -1.443018 9.260000
v 0.282881 -1.422139 9.260000
v 0.420913 -1.387563 9.260000
v 0.554891 -1.339625 9.260000
v 0.683525 -1.278786 9.260000
v 0.805577 -1.205631 9.260000
v 0.919870 -1.120865 9.260000
v 1.025305 -1.025305 9.260000
v 1.120865 -0.919870 9.260000
v 1.205631 -0.805577 9.260000
v 1.278786 -0.683525 9.260000
v 1.339625 -0.554891 9.260000
v 1.387563 -0.420913 9.260000
v 1.422139 -0.282881 9.260000
v 1.443018 -0.142125 9.260000
v 1.348500 0.000000 9.340000
v 1.342007 0.132176 9.340000
v 1.322589 0.263079 9.340000
v 1.290434 0.391449 9.340000
v 1.245852 0.516049 9.340000
v 1.189271 0.635678 9.340000
v 1.121237 0.749186 9.340000
v 1.042405 0.855479 9.340000
v 0.953533 0.953533 9.340000
v 0.855479 1.042405 9.340000
v 0.749186 1.121237 9.340000
v 0.635678 1.189271 9.340000
v 0.516049 1.245852 9.340000
v 0.391449 1.290434 9.340000
v 0.263079 1.322589 9.340000
v 0.132176 1.342007 9.340000
v 0.000000 1.348500 9.340000
v -0.132176 1.342007 9.340000
v -0.263079 1.322589 9.340000
v -0.391449 1.290434 9.340000
v -0.516049 1.245852 9.340000
v -0.635678 1.189271 9.340000
v -0.749186 1.121237 9.340000
v -0.855479 1.042405 9.340000
v -0.953533 0.953533 9.340000
v -1.042405 0.855479 9.340000
v -1.121237 0.749186 9.340000
v -1.189271 0.635678 9.340000
v -1.245852 0.516049 9.340000
v -1.290434 0.391449 9.340000
v -1.322589 0.263079 9.340000
v -1.342007 0.132176 9.340000
v -1.348500 0.000000 9.340000
v -1.342007 -0.132176 9.340000
v -1.322589 -0.263079 9.340000
v -1.290434 -0.391449 9.340000
v -1.245852 -0.516049 9.340000
v -1.189271 -0.635678 9.340000
v -1.121237 -0.749186 9.340000
v -1.042405 -0.855479 9.340000
v -0.953533 -0.953533 9.340000
v -0.855479 -1.042405 9.340000
v -0.749186 -1.121237 9.340000
v -0.635678 -1.189271 9.340000
v -0.516049 -1.245852 9.340000
v -0.391449 -1.290434 9.340000
v -0.263079 -1.322589 9.340000
v -0.132176 -1.342007 9.340000
v -0.000000 -1.348500 9.340000
v 0.132176 -1.342007 9.340000
v 0.263079 -1.322589 9.340000
v 0.391449 -1.290434 9.340000
v 0.516049 -1.245852 9.340000
v 0.635678 -1.189271 9.340000
v 0.749186 -1.121237 9.340000
v 0.855479 -1.042405 9.340000
v 0.953533 -0.953533 9.340000
v 1.042405 -0.855479 9.340000
v 1.121237 -0.749186 9.340000
v 1.189271 -0.635678 9.340000
v 1.245852 -0.516049 9.340000
v 1.290434 -0.391449 9.340000
v 1.322589 -0.263079 9.340000
v 1.342007 -0.132176 9.340000
v 0.000000 0.000000 8.720000
v 0.000000 0.000000 9.340000
v 1.627500 0.000000 9.200000
v 1.619663 0.159523 9.200000
v 1.596228 0.317509 9.200000
v 1.557420 0.472438 9.200000
v 1.503614 0.622817 9.200000
v 1.435327 0.767198 9.200000
v 1.353217 0.904191 9.200000
v 1.258075 1.032475 9.200000
v 1.150816 1.150816 9.200000
v 1.032475 1.258075 9.200000
v 0.904191 1.353217 9.200000
v 0.767198 1.435327 9.200000
v 0.622817 1.503614 9.200000
v 0.472438 1.557420 9.200000
v 0.317509 1.596228 9.200000
v 0.159523 1.619663 9.200000
v 0.000000 1.627500 9.200000
v -0.159523 1.619663 9.200000
v -0.317509 1.596228 9.200000
v -0.472438 1.557420 9.200000
v -0.622817 1.503614 9.200000
v -0.767198 1.435327 9.200000
v -0.904191 1.353217 9.200000
v -1.032475 1.258075 9.200000
v -1.150816 1.150816 9.200000
v -1.258075 1.032475 9.200000
v -1.353217 0.904191 9.200000
v -1.435327 0.767198 9.200000
v -1.503614 0.622817 9.200000
v -1.557420 0.472438 9.200000
v -1.596228 0.317509 9.200000
v -1.619663 0.159523 9.200000
v -1.627500 0.000000 9.200000
v -1.619663 -0.159523 9.200000
v -1.596228 -0.317509 9.200000
v -1.557420 -0.472438 9.200000
v -1.503614 -0.622817 9.200000
v -1.435327 -0.767198 9.200000
v -1.353217 -0.904191 9.200000
v -1.258075 -1.032475 9.200000
v -1.150816 -1.150816 9.200000
v -1.032475 -1.258075 9.200000
v -0.904191 -1.353217 9.200000
v -0.767198 -1.435327 9.200000
v -0.622817 -1.503614 9.200000
v -0.472438 -1.557420 9.200000
v -0.317509 -1.596228 9.200000
v -0.159523 -1.619663 9.200000
v -0.000000 -1.627500 9.200000
v 0.159523 -1.619663 9.200000
v 0.317509 -1.596228 9.200000
v 0.472438 -1.557420 9.200000
v 0.622817 -1.503614 9.200000
v 0.767198 -1.435327 9.200000
v 0.904191 -1.353217 9.200000
v 1.032475 -1.258075 9.200000
v 1.150816 -1.150816 9.200000
v 1.258075 -1.032475 9.200000
v 1.353217 -0.904191 9.200000
v 1.435327 -0.767198 9.200000
v 1.503614 -0.622817 9.200000
v 1.557420 -0.472438 9.200000
v 1.596228 -0.317509 9.200000
v 1.619663 -0.159523 9.200000
v 1.750000 0.000000 9.360000
v 1.741573 0.171530 9.360000
v 1.716374 0.341408 9.360000
v 1.674646 0.507998 9.360000
v 1.616789 0.669696 9.360000
v 1.543362 0.824944 9.360000
v 1.455072 0.972248 9.360000
v 1.352768 1.110188 9.360000
v 1.237437 1.237437 9.360000
v 1.110188 1.352768 9.360000
v 0.972248 1.455072 9.360000
v 0.824944 1.543362 9.360000
v 0.669696 1.616789 9.360000
v 0.507998 1.674646 9.360000
v 0.341408 1.716374 9.360000
v 0.171530 1.741573 9.360000
v 0.000000 1.750000 9.360000
v -0.171530 1.741573 9.360000
v -0.341408 1.716374 9.360000
v -0.507998 1.674646 9.360000
v -0.669696 1.616789 9.360000
v -0.824944 1.543362 9.360000
v -0.972248 1.455072 9.360000
v -1.110188 1.352768 9.360000
v -1.237437 1.237437 9.360000
v -1.352768 1.110188 9.360000
v -1.455072 0.972248 9.360000
v -1.543362 0.824944 9.360000
v -1.616789 0.669696 9.360000
v -1.674646 0.507998 9.360000
v -1.716374 0.341408 9.360000
v -1.741573 0.171530 9.360000
v -1.750000 0.000000 9.360000
v -1.741573 -0.171530 9.360000
v -1.716374 -0.341408 9.360000
v -1.674646 -0.507998 9.360000
v -1.616789 -0.669696 9.360000
v -1.543362 -0.824944 9.360000
v -1.455072 -0.972248 9.360000
v -1.352768 -1.110188 9.360000
v -1.237437 -1.237437 9.360000
v -1.110188 -1.352768 9.360000
v -0.972248 -1.455072 9.360000
v -0.824944 -1.543362 9.360000
v -0.669696 -1.616789 9.360000
v -0.507998 -1.674646 9.360000
v -0.341408 -1.716374 9.360000
v -0.171530 -1.741573 9.360000
v -0.000000 -1.750000 9.360000
v 0.171530 -1.741573 9.360000
v 0.341408 -1.716374 9.360000
v 0.507998 -1.674646 9.360000
v 0.669696 -1.616789 9.360000
v 0.824944 -1.543362 9.360000
v 0.972248 -1.455072 9.360000
v 1.110188 -1.352768 9.360000
v 1.237437 -1.237437 9.360000
v 1.352768 -1.110188 9.360000
v 1.455072 -0.972248 9.360000
v 1.543362 -0.824944 9.360000
v 1.616789 -0.669696 9.360000
v 1.674646 -0.507998 9.360000
v 1.716374 -0.341408 9.360000
v 1.741573 -0.171530 9.360000
v 1.750000 0.000000 11.490000
v 1.741573 0.171530 11.490000
v 1.716374 0.341408 11.490000
v 1.674646 0.507998 11.490000
v 1.616789 0.669696 11.490000
v 1.543362 0.824944 11.490000
v 1.455072 0.972248 11.490000
v 1.352768 1.110188 11.490000
v 1.237437 1.237437 11.490000
v 1.110188 1.352768 11.490000
v 0.972248 1.455072 11.490000
v 0.824944 1.543362 11.490000
v 0.669696 1.616789 11.490000
v 0.507998 1.674646 11.490000
v 0.341408 1.716374 11.490000
v 0.171530 1.741573 11.490000
v 0.000000 1.750000 11.490000
v -0.171530 1.741573 11.490000
v -0.341408 1.716374 11.490000
v -0.507998 1.674646 11.490000
v -0.669696 1.616789 11.490000
v -0.824944 1.543362 11.490000
v -0.972248 1.455072 11.490000
v -1.110188 1.352768 11.490000
v -1.237437 1.237437 11.490000
v -1.352768 1.110188 11.490000
v -1.455072 0.972248 11.490000
v -1.543362 0.824944 11.490000
v -1.616789 0.669696 11.490000
v -1.674646 0.507998 11.490000
v -1.716374 0.341408 11.490000
v -1.741573 0.171530 11.490000
v -1.750000 0.000000 11.490000
v -1.741573 -0.171530 11.490000
v -1.716374 -0.341408 11.490000
v -1.674646 -0.507998 11.490000
v -1.616789 -0.669696 11.490000
v -1.543362 -0.824944 11.490000
v -1.455072 -0.972248 11.490000
v -1.352768 -1.110188 11.490000
v -1.237437 -1.237437 11.490000
v -1.110188 -1.352768 11.490000
v -0.972248 -1.455072 11.490000
v -0.824944 -1.543362 11.490000
v -0.669696 -1.616789 11.490000
v -0.507998 -1.674646 11.490000
v -0.341408 -1.716374 11.490000
v -0.171530 -1.741573 11.490000
v -0.000000 -1.750000 11.490000
v 0.171530 -1.741573 11.490000
v 0.341408 -1.716374 11.490000
v 0.507998 -1.674646 11.490000
v 0.669696 -1.616789 11.490000
v 0.824944 -1.543362 11.490000
v 0.972248 -1.455072 11.490000
v 1.110188 -1.352768 11.490000
v 1.237437 -1.237437 11.490000
v 1.352768 -1.110188 11.490000
v 1.455072 -0.972248 11.490000
v 1.543362 -0.824944 11.490000
v 1.616789 -0.669696 11.490000
v 1.674646 -0.507998 11.490000
v 1.716374 -0.341408 11.490000
v 1.741573 -0.171530 11.490000
v 1.627500 0.000000 11.650000
v 1.619663 0.159523 11.650000
v 1.596228 0.317509 11.650000
v 1.557420 0.472438 11.650000
v 1.503614 0.622817 11.650000
v 1.435327 0.767198 11.650000
v 1.353217 0.904191 11.650000
v 1.258075 1.032475 11.650000
v 1.150816 1.150816 11.650000
v 1.032475 1.258075 11.650000
v 0.904191 1.353217 11.650000
v 0.767198 1.435327 11.650000
v 0.622817 1.503614 11.650000
v 0.472438 1.557420 11.650000
v 0.317509 1.596228 11.650000
v 0.159523 1.619663 11.650000
v 0.000000 1.627500 11.650000
v -0.159523 1.619663 11.650000
v -0.317509 1.596228 11.650000
v -0.472438 1.557420 11.650000
v -0.622817 1.503614 11.650000
v -0.767198 1.435327 11.650000
v -0.904191 1.353217 11.650000
v -1.032475 1.258075 11.650000
v -1.150816 1.150816 11.650000
v -1.258075 1.032475 11.650000
v -1.353217 0.904191 11.650000
v -1.435327 0.767198 11.650000
v -1.503614 0.622817 11.650000
v -1.557420 0.472438 11.650000
v -1.596228 0.317509 11.650000
v -1.619663 0.159523 11.650000
v -1.627500 0.000000 11.650000
v -1.619663 -0.159523 11.650000
v -1.596228 -0.317509 11.650000
v -1.557420 -0.472438 11.650000
v -1.503614 -0.622817 11.650000
v -1.435327 -0.767198 11.650000
v -1.353217 -0.904191 11.650000
v -1.258075 -1.032475 11.650000
v -1.150816 -1.150816 11.650000
v -1.032475 -1.258075 11.650000
v -0.904191 -1.353217 11.650000
v -0.767198 -1.435327 11.650000
v -0.622817 -1.503614 11.650000
v -0.472438 -1.557420 11.650000
v -0.317509 -1.596228 11.650000
v -0.159523 -1.619663 11.650000
v -0.000000 -1.627500 11.650000
v 0.159523 -1.619663 11.650000
v 0.317509 -1.596228 11.650000
v 0.472438 -1.557420 11.650000
v 0.622817 -1.503614 11.650000
v 0.767198 -1.435327 11.650000
v 0.904191 -1.353217 11.650000
v 1.032475 -1.258075 11.650000
v 1.150816 -1.150816 11.650000
v 1.258075 -1.032475 11.650000
v 1.353217 -0.904191 11.650000
v 1.435327 -0.767198 11.650000
v 1.503614 -0.622817 11.650000
v 1.557420 -0.472438 11.650000
v 1.596228 -0.317509 11.650000
v 1.619663 -0.159523 11.650000
v 0.000000 0.000000 9.200000
v 0.000000 0.000000 11.650000
v -2.600000 1.626000 2.000000
v 2.600000 1.626000 2.000000
v 2.600000 1.626000 6.700000
v -2.600000 1.626000 6.700000
v -0.950000 1.645000 6.067500
v 0.950000 1.645000 6.067500
v 0.950000 1.645000 6.032500
v -0.950000 1.645000 6.032500
v 0.379764 1.645000 6.428308
v 0.318490 1.645000 6.481163
v 0.336779 1.645000 6.502365
v 0.398053 1.645000 6.449510
v 0.320145 1.645000 6.479936
v 0.251778 1.645000 6.523229
v 0.266758 1.645000 6.546885
v 0.335125 1.645000 6.503592
v 0.253595 1.645000 6.522258
v 0.179616 1.645000 6.555050
v 0.190963 1.645000 6.580648
v 0.264942 1.645000 6.547856
v 0.181555 1.645000 6.554356
v 0.103566 1.645000 6.575939
v 0.111034 1.645000 6.602925
v 0.189023 1.645000 6.581342
v 0.105586 1.645000 6.575537
v 0.025273 1.645000 6.585443
v 0.028701 1.645000 6.613232
v 0.109013 1.645000 6.603327
v 0.027331 1.645000 6.585342
v -0.053566 1.645000 6.583356
v -0.054253 1.645000 6.611347
v 0.026644 1.645000 6.613333
v -0.051516 1.645000 6.583558
v -0.131246 1.645000 6.569723
v -0.136033 1.645000 6.597311
v -0.056303 1.645000 6.611145
v -0.129248 1.645000 6.570224
v -0.206084 1.645000 6.544840
v -0.214867 1.645000 6.571427
v -0.138031 1.645000 6.596811
v -0.204181 1.645000 6.545629
v -0.276462 1.645000 6.509246
v -0.289051 1.645000 6.534256
v -0.216770 1.645000 6.570639
v -0.274695 1.645000 6.510305
v -0.340855 1.645000 6.463710
v -0.356978 1.645000 6.486602
v -0.290818 1.645000 6.533197
v -0.339263 1.645000 6.465016
v -0.397870 1.645000 6.409218
v -0.417177 1.645000 6.429497
v -0.358570 1.645000 6.485295
v -0.396486 1.645000 6.410744
v -0.446271 1.645000 6.346950
v -0.468345 1.645000 6.364177
v -0.418560 1.645000 6.427971
v -0.445127 1.645000 6.348663
v -0.485013 1.645000 6.278255
v -0.509375 1.645000 6.292056
v -0.469490 1.645000 6.362464
v -0.484132 1.645000 6.280117
v -0.513255 1.645000 6.204618
v -0.539379 1.645000 6.214695
v -0.510256 1.645000 6.290194
v -0.512657 1.645000 6.206589
v -0.530387 1.645000 6.127634
v -0.557707 1.645000 6.133769
v -0.539977 1.645000 6.212724
v -0.530085 1.645000 6.129672
v -0.536038 1.645000 6.048970
v -0.563962 1.645000 6.051030
v -0.558009 1.645000 6.131732
v -0.536038 1.645000 6.051030
v -0.530085 1.645000 5.970328
v -0.558009 1.645000 5.968268
v -0.563962 1.645000 6.048970
v -0.530387 1.645000 5.972366
v -0.512657 1.645000 5.893411
v -0.539977 1.645000 5.887276
v -0.557707 1.645000 5.966231
v -0.513255 1.645000 5.895382
v -0.484132 1.645000 5.819883
v -0.510256 1.645000 5.809806
v -0.539379 1.645000 5.885305
v -0.485013 1.645000 5.821745
v -0.445127 1.645000 5.751337
v -0.469490 1.645000 5.737536
v -0.509375 1.645000 5.807944
v -0.446271 1.645000 5.753050
v -0.396486 1.645000 5.689256
v -0.418560 1.645000 5.672029
v -0.468345 1.645000 5.735823
v -0.397870 1.645000 5.690782
v -0.339263 1.645000 5.634984
v -0.358570 1.645000 5.614705
v -0.417177 1.645000 5.670503
v -0.340855 1.645000 5.636290
v -0.274695 1.645000 5.589695
v -0.290818 1.645000 5.566803
v -0.356978 1.645000 5.613398
v -0.276462 1.645000 5.590754
v -0.204181 1.645000 5.554371
v -0.216770 1.645000 5.529361
v -0.289051 1.645000 5.565744
v -0.206084 1.645000 5.555160
v -0.129248 1.645000 5.529776
v -0.138031 1.645000 5.503189
v -0.214867 1.645000 5.528573
v -0.131246 1.645000 5.530277
v -0.051516 1.645000 5.516442
v -0.056303 1.645000 5.488855
v -0.136033 1.645000 5.502689
v -0.053566 1.645000 5.516644
v 0.027331 1.645000 5.514658
v 0.026644 1.645000 5.486667
v -0.054253 1.645000 5.488653
v 0.025273 1.645000 5.514557
v 0.105586 1.645000 5.524463
v 0.109013 1.645000 5.496673
v 0.028701 1.645000 5.486768
v 0.103566 1.645000 5.524061
v 0.181555 1.645000 5.545644
v 0.189023 1.645000 5.518658
v 0.111034 1.645000 5.497075
v 0.179616 1.645000 5.544950
v 0.253595 1.645000 5.577742
v 0.264942 1.645000 5.552144
v 0.190963 1.645000 5.519352
v 0.251778 1.645000 5.576771
v 0.320145 1.645000 5.620064
v 0.335125 1.645000 5.596408
v 0.266758 1.645000 5.553115
v 0.318490 1.645000 5.618837
v 0.379764 1.645000 5.671692
v 0.398053 1.645000 5.650490
v 0.336779 1.645000 5.597635
v 0.471688 1.645000 6.520232
v 0.395931 1.645000 6.585580
v 0.414220 1.645000 6.606782
v 0.489977 1.645000 6.541434
v 0.397586 1.645000 6.584353
v 0.313060 1.645000 6.637879
v 0.328040 1.645000 6.661534
v 0.412565 1.645000 6.608009
v 0.314876 1.645000 6.636908
v 0.223412 1.645000 6.677451
v 0.234758 1.645000 6.703049
v 0.326223 1.645000 6.662505
v 0.225351 1.645000 6.676757
v 0.128927 1.645000 6.703441
v 0.136395 1.645000 6.730427
v 0.232819 1.645000 6.703743
v 0.130948 1.645000 6.703039
v 0.031652 1.645000 6.715286
v 0.035080 1.645000 6.743076
v 0.134375 1.645000 6.730829
v 0.033710 1.645000 6.715185
v -0.066308 1.645000 6.712730
v -0.066995 1.645000 6.740721
v 0.033022 1.645000 6.743177
v -0.064258 1.645000 6.712932
v -0.162833 1.645000 6.695827
v -0.167620 1.645000 6.723415
v -0.069045 1.645000 6.740520
v -0.160835 1.645000 6.696328
v -0.255833 1.645000 6.664945
v -0.264616 1.645000 6.691531
v -0.169618 1.645000 6.722915
v -0.253930 1.645000 6.665733
v -0.343295 1.645000 6.620750
v -0.355884 1.645000 6.645761
v -0.266519 1.645000 6.690743
v -0.341529 1.645000 6.621809
v -0.423326 1.645000 6.564201
v -0.439449 1.645000 6.587093
v -0.357651 1.645000 6.644702
v -0.421734 1.645000 6.565508
v -0.494193 1.645000 6.496521
v -0.513500 1.645000 6.516800
v -0.441041 1.645000 6.585787
v -0.492810 1.645000 6.498047
v -0.554362 1.645000 6.419175
v -0.576436 1.645000 6.436401
v -0.514884 1.645000 6.515273
v -0.553218 1.645000 6.420887
v -0.602532 1.645000 6.333837
v -0.626894 1.645000 6.347638
v -0.577581 1.645000 6.434688
v -0.601651 1.645000 6.335699
v -0.637658 1.645000 6.242355
v -0.663781 1.645000 6.252432
v -0.627775 1.645000 6.345776
v -0.637060 1.645000 6.244326
v -0.658980 1.645000 6.146709
v -0.686300 1.645000 6.152844
v -0.664379 1.645000 6.250461
v -0.658678 1.645000 6.148747
v -0.666038 1.645000 6.048970
v -0.693962 1.645000 6.051030
v -0.686602 1.645000 6.150807
v -0.666038 1.645000 6.051030
v -0.658678 1.645000 5.951253
v -0.686602 1.645000 5.949193
v -0.693962 1.645000 6.048970
v -0.658980 1.645000 5.953291
v -0.637060 1.645000 5.855674
v -0.664379 1.645000 5.849539
v -0.686300 1.645000 5.947156
v -0.637658 1.645000 5.857645
v -0.601651 1.645000 5.764301
v -0.627775 1.645000 5.754224
v -0.663781 1.645000 5.847568
v -0.602532 1.645000 5.766163
v -0.553218 1.645000 5.679113
v -0.577581 1.645000 5.665312
v -0.626894 1.645000 5.752362
v -0.554362 1.645000 5.680825
v -0.492810 1.645000 5.601953
v -0.514884 1.645000 5.584727
v -0.576436 1.645000 5.663599
v -0.494193 1.645000 5.603479
v -0.421734 1.645000 5.534492
v -0.441041 1.645000 5.514213
v -0.513500 1.645000 5.583200
v -0.423326 1.645000 5.535799
v -0.341529 1.645000 5.478191
v -0.357651 1.645000 5.455298
v -0.439449 1.645000 5.512907
v -0.343295 1.645000 5.479250
v -0.253930 1.645000 5.434267
v -0.266519 1.645000 5.409257
v -0.355884 1.645000 5.454239
v -0.255833 1.645000 5.435055
v -0.160835 1.645000 5.403672
v -0.169618 1.645000 5.377085
v -0.264616 1.645000 5.408469
v -0.162833 1.645000 5.404173
v -0.064258 1.645000 5.387068
v -0.069045 1.645000 5.359480
v -0.167620 1.645000 5.376585
v -0.066308 1.645000 5.387270
v 0.033710 1.645000 5.384815
v 0.033022 1.645000 5.356823
v -0.066995 1.645000 5.359279
v 0.031652 1.645000 5.384714
v 0.130948 1.645000 5.396961
v 0.134375 1.645000 5.369171
v 0.035080 1.645000 5.356924
v 0.128927 1.645000 5.396559
v 0.225351 1.645000 5.423243
v 0.232819 1.645000 5.396257
v 0.136395 1.645000 5.369573
v 0.223412 1.645000 5.422549
v 0.314876 1.645000 5.463092
v 0.326223 1.645000 5.437495
v 0.234758 1.645000 5.396951
v 0.313060 1.645000 5.462121
v 0.397586 1.645000 5.515647
v 0.412565 1.645000 5.491991
v 0.328040 1.645000 5.438466
v 0.395931 1.645000 5.514420
v 0.471688 1.645000 5.579768
v 0.489977 1.645000 5.558566
v 0.414220 1.645000 5.493218
v -1.250000 1.645000 3.041000
v 1.250000 1.645000 3.041000
v 1.250000 1.645000 3.019000
v -1.250000 1.645000 3.019000
v -1.432500 1.645000 5.112500
v -1.333500 1.645000 5.112500
v -1.333500 1.645000 5.067500
v -1.432500 1.645000 5.067500
v -1.405500 1.645000 5.040500
v -1.405500 1.645000 5.139500
v -1.360500 1.645000 5.139500
v -1.360500 1.645000 5.040500
v -1.322500 1.645000 5.112500
v -1.223500 1.645000 5.112500
v -1.223500 1.645000 5.067500
v -1.322500 1.645000 5.067500
v -1.295500 1.645000 5.040500
v -1.295500 1.645000 5.139500
v -1.250500 1.645000 5.139500
v -1.250500 1.645000 5.040500
v -1.212500 1.645000 5.112500
v -1.113500 1.645000 5.112500
v -1.113500 1.645000 5.067500
v -1.212500 1.645000 5.067500
v -1.185500 1.645000 5.040500
v -1.185500 1.645000 5.139500
v -1.140500 1.645000 5.139500
v -1.140500 1.645000 5.040500
v -1.102500 1.645000 5.112500
v -1.003500 1.645000 5.112500
v -1.003500 1.645000 5.067500
v -1.102500 1.645000 5.067500
v -1.075500 1.645000 5.040500
v -1.075500 1.645000 5.139500
v -1.030500 1.645000 5.139500
v -1.030500 1.645000 5.040500
v -1.432500 1.645000 5.002500
v -1.333500 1.645000 5.002500
v -1.333500 1.645000 4.957500
v -1.432500 1.645000 4.957500
v -1.405500 1.645000 4.930500
v -1.405500 1.645000 5.029500
v -1.360500 1.645000 5.029500
v -1.360500 1.645000 4.930500
v -1.432500 1.645000 4.892500
v -1.333500 1.645000 4.892500
v -1.333500 1.645000 4.847500
v -1.432500 1.645000 4.847500
v -1.405500 1.645000 4.820500
v -1.405500 1.645000 4.919500
v -1.360500 1.645000 4.919500
v -1.360500 1.645000 4.820500
v -1.322500 1.645000 4.892500
v -1.223500 1.645000 4.892500
v -1.223500 1.645000 4.847500
v -1.322500 1.645000 4.847500
v -1.295500 1.645000 4.820500
v -1.295500 1.645000 4.919500
v -1.250500 1.645000 4.919500
v -1.250500 1.645000 4.820500
v -1.212500 1.645000 4.892500
v -1.113500 1.645000 4.892500
v -1.113500 1.645000 4.847500
v -1.212500 1.645000 4.847500
v -1.185500 1.645000 4.820500
v -1.185500 1.645000 4.919500
v -1.140500 1.645000 4.919500
v -1.140500 1.645000 4.820500
v -1.432500 1.645000 4.782500
v -1.333500 1.645000 4.782500
v -1.333500 1.645000 4.737500
v -1.432500 1.645000 4.737500
v -1.405500 1.645000 4.710500
v -1.405500 1.645000 4.809500
v -1.360500 1.645000 4.809500
v -1.360500 1.645000 4.710500
v -1.432500 1.645000 4.672500
v -1.333500 1.645000 4.672500
v -1.333500 1.645000 4.627500
v -1.432500 1.645000 4.627500
v -1.405500 1.645000 4.600500
v -1.405500 1.645000 4.699500
v -1.360500 1.645000 4.699500
v -1.360500 1.645000 4.600500
v -1.322500 1.645000 4.672500
v -1.223500 1.645000 4.672500
v -1.223500 1.645000 4.627500
v -1.322500 1.645000 4.627500
v -1.295500 1.645000 4.600500
v -1.295500 1.645000 4.699500
v -1.250500 1.645000 4.699500
v -1.250500 1.645000 4.600500
v -1.212500 1.645000 4.672500
v -1.113500 1.645000 4.672500
v -1.113500 1.645000 4.627500
v -1.212500 1.645000 4.627500
v -1.185500 1.645000 4.600500
v -1.185500 1.645000 4.699500
v -1.140500 1.645000 4.699500
v -1.140500 1.645000 4.600500
v -1.102500 1.645000 4.672500
v -1.003500 1.645000 4.672500
v -1.003500 1.645000 4.627500
v -1.102500 1.645000 4.627500
v -1.075500 1.645000 4.600500
v -1.075500 1.645000 4.699500
v -1.030500 1.645000 4.699500
v -1.030500 1.645000 4.600500
v -0.947500 1.645000 5.112500
v -0.848500 1.645000 5.112500
v -0.848500 1.645000 5.067500
v -0.947500 1.645000 5.067500
v -0.920500 1.645000 5.040500
v -0.920500 1.645000 5.139500
v -0.875500 1.645000 5.139500
v -0.875500 1.645000 5.040500
v -0.837500 1.645000 5.112500
v -0.738500 1.645000 5.112500
v -0.738500 1.645000 5.067500
v -0.837500 1.645000 5.067500
v -0.810500 1.645000 5.040500
v -0.810500 1.645000 5.139500
v -0.765500 1.645000 5.139500
v -0.765500 1.645000 5.040500
v -0.727500 1.645000 5.112500
v -0.628500 1.645000 5.112500
v -0.628500 1.645000 5.067500
v -0.727500 1.645000 5.067500
v -0.700500 1.645000 5.040500
v -0.700500 1.645000 5.139500
v -0.655500 1.645000 5.139500
v -0.655500 1.645000 5.040500
v -0.617500 1.645000 5.112500
v -0.518500 1.645000 5.112500
v -0.518500 1.645000 5.067500
v -0.617500 1.645000 5.067500
v -0.590500 1.645000 5.040500
v -0.590500 1.645000 5.139500
v -0.545500 1.645000 5.139500
v -0.545500 1.645000 5.040500
v -0.947500 1.645000 5.002500
v -0.848500 1.645000 5.002500
v -0.848500 1.645000 4.957500
v -0.947500 1.645000 4.957500
v -0.920500 1.645000 4.930500
v -0.920500 1.645000 5.029500
v -0.875500 1.645000 5.029500
v -0.875500 1.645000 4.930500
v -0.947500 1.645000 4.892500
v -0.848500 1.645000 4.892500
v -0.848500 1.645000 4.847500
v -0.947500 1.645000 4.847500
v -0.920500 1.645000 4.820500
v -0.920500 1.645000 4.919500
v -0.875500 1.645000 4.919500
v -0.875500 1.645000 4.820500
v -0.947500 1.645000 4.782500
v -0.848500 1.645000 4.782500
v -0.848500 1.645000 4.737500
v -0.947500 1.645000 4.737500
v -0.920500 1.645000 4.710500
v -0.920500 1.645000 4.809500
v -0.875500 1.645000 4.809500
v -0.875500 1.645000 4.710500
v -0.947500 1.645000 4.672500
v -0.848500 1.645000 4.672500
v -0.848500 1.645000 4.627500
v -0.947500 1.645000 4.627500
v -0.920500 1.645000 4.600500
v -0.920500 1.645000 4.699500
v -0.875500 1.645000 4.699500
v -0.875500 1.645000 4.600500
v -0.837500 1.645000 4.672500
v -0.738500 1.645000 4.672500
v -0.738500 1.645000 4.627500
v -0.837500 1.645000 4.627500
v -0.810500 1.645000 4.600500
v -0.810500 1.645000 4.699500
v -0.765500 1.645000 4.699500
v -0.765500 1.645000 4.600500
v -0.727500 1.645000 4.672500
v -0.628500 1.645000 4.672500
v -0.628500 1.645000 4.627500
v -0.727500 1.645000 4.627500
v -0.700500 1.645000 4.600500
v -0.700500 1.645000 4.699500
v -0.655500 1.645000 4.699500
v -0.655500 1.645000 4.600500
v -0.617500 1.645000 4.672500
v -0.518500 1.645000 4.672500
v -0.518500 1.645000 4.627500
v -0.617500 1.645000 4.627500
v -0.590500 1.645000 4.600500
v -0.590500 1.645000 4.699500
v -0.545500 1.645000 4.699500
v -0.545500 1.645000 4.600500
v -0.462500 1.645000 5.112500
v -0.363500 1.645000 5.112500
v -0.363500 1.645000 5.067500
v -0.462500 1.645000 5.067500
v -0.435500 1.645000 5.040500
v -0.435500 1.645000 5.139500
v -0.390500 1.645000 5.139500
v -0.390500 1.645000 5.040500
v -0.242500 1.645000 5.112500
v -0.143500 1.645000 5.112500
v -0.143500 1.645000 5.067500
v -0.242500 1.645000 5.067500
v -0.215500 1.645000 5.040500
v -0.215500 1.645000 5.139500
v -0.170500 1.645000 5.139500
v -0.170500 1.645000 5.040500
v -0.462500 1.645000 5.002500
v -0.363500 1.645000 5.002500
v -0.363500 1.645000 4.957500
v -0.462500 1.645000 4.957500
v -0.435500 1.645000 4.930500
v -0.435500 1.645000 5.029500
v -0.390500 1.645000 5.029500
v -0.390500 1.645000 4.930500
v -0.242500 1.645000 5.002500
v -0.143500 1.645000 5.002500
v -0.143500 1.645000 4.957500
v -0.242500 1.645000 4.957500
v -0.215500 1.645000 4.930500
v -0.215500 1.645000 5.029500
v -0.170500 1.645000 5.029500
v -0.170500 1.645000 4.930500
v -0.462500 1.645000 4.892500
v -0.363500 1.645000 4.892500
v -0.363500 1.645000 4.847500
v -0.462500 1.645000 4.847500
v -0.435500 1.645000 4.820500
v -0.435500 1.645000 4.919500
v -0.390500 1.645000 4.919500
v -0.390500 1.645000 4.820500
v -0.352500 1.645000 4.892500
v -0.253500 1.645000 4.892500
v -0.253500 1.645000 4.847500
v -0.352500 1.645000 4.847500
v -0.325500 1.645000 4.820500
v -0.325500 1.645000 4.919500
v -0.280500 1.645000 4.919500
v -0.280500 1.645000 4.820500
v -0.242500 1.645000 4.892500
v -0.143500 1.645000 4.892500
v -0.143500 1.645000 4.847500
v -0.242500 1.645000 4.847500
v -0.215500 1.645000 4.820500
v -0.215500 1.645000 4.919500
v -0.170500 1.645000 4.919500
v -0.170500 1.645000 4.820500
v -0.462500 1.645000 4.782500
v -0.363500 1.645000 4.782500
v -0.363500 1.645000 4.737500
v -0.462500 1.645000 4.737500
v -0.435500 1.645000 4.710500
v -0.435500 1.645000 4.809500
v -0.390500 1.645000 4.809500
v -0.390500 1.645000 4.710500
v -0.242500 1.645000 4.782500
v -0.143500 1.645000 4.782500
v -0.143500 1.645000 4.737500
v -0.242500 1.645000 4.737500
v -0.215500 1.645000 4.710500
v -0.215500 1.645000 4.809500
v -0.170500 1.645000 4.809500
v -0.170500 1.645000 4.710500
v -0.462500 1.645000 4.672500
v -0.363500 1.645000 4.672500
v -0.363500 1.645000 4.627500
v -0.462500 1.645000 4.627500
v -0.435500 1.645000 4.600500
v -0.435500 1.645000 4.699500
v -0.390500 1.645000 4.699500
v -0.390500 1.645000 4.600500
v -0.242500 1.645000 4.672500
v -0.143500 1.645000 4.672500
v -0.143500 1.645000 4.627500
v -0.242500 1.645000 4.627500
v -0.215500 1.645000 4.600500
v -0.215500 1.645000 4.699500
v -0.170500 1.645000 4.699500
v -0.170500 1.645000 4.600500
v 0.022500 1.645000 5.112500
v 0.121500 1.645000 5.112500
v 0.121500 1.645000 5.067500
v 0.022500 1.645000 5.067500
v 0.049500 1.645000 5.040500
v 0.049500 1.645000 5.139500
v 0.094500 1.645000 5.139500
v 0.094500 1.645000 5.040500
v 0.132500 1.645000 5.112500
v 0.231500 1.645000 5.112500
v 0.231500 1.645000 5.067500
v 0.132500 1.645000 5.067500
v 0.159500 1.645000 5.040500
v 0.159500 1.645000 5.139500
v 0.204500 1.645000 5.139500
v 0.204500 1.645000 5.040500
v 0.242500 1.645000 5.112500
v 0.341500 1.645000 5.112500
v 0.341500 1.645000 5.067500
v 0.242500 1.645000 5.067500
v 0.269500 1.645000 5.040500
v 0.269500 1.645000 5.139500
v 0.314500 1.645000 5.139500
v 0.314500 1.645000 5.040500
v 0.022500 1.645000 5.002500
v 0.121500 1.645000 5.002500
v 0.121500 1.645000 4.957500
v 0.022500 1.645000 4.957500
v 0.049500 1.645000 4.930500
v 0.049500 1.645000 5.029500
v 0.094500 1.645000 5.029500
v 0.094500 1.645000 4.930500
v 0.242500 1.645000 5.002500
v 0.341500 1.645000 5.002500
v 0.341500 1.645000 4.957500
v 0.242500 1.645000 4.957500
v 0.269500 1.645000 4.930500
v 0.269500 1.645000 5.029500
v 0.314500 1.645000 5.029500
v 0.314500 1.645000 4.930500
v 0.022500 1.645000 4.892500
v 0.121500 1.645000 4.892500
v 0.121500 1.645000 4.847500
v 0.022500 1.645000 4.847500
v 0.049500 1.645000 4.820500
v 0.049500 1.645000 4.919500
v 0.094500 1.645000 4.919500
v 0.094500 1.645000 4.820500
v 0.242500 1.645000 4.892500
v 0.341500 1.645000 4.892500
v 0.341500 1.645000 4.847500
v 0.242500 1.645000 4.847500
v 0.269500 1.645000 4.820500
v 0.269500 1.645000 4.919500
v 0.314500 1.645000 4.919500
v 0.314500 1.645000 4.820500
v 0.022500 1.645000 4.782500
v 0.121500 1.645000 4.782500
v 0.121500 1.645000 4.737500
v 0.022500 1.645000 4.737500
v 0.049500 1.645000 4.710500
v 0.049500 1.645000 4.809500
v 0.094500 1.645000 4.809500
v 0.094500 1.645000 4.710500
v 0.242500 1.645000 4.782500
v 0.341500 1.645000 4.782500
v 0.341500 1.645000 4.737500
v 0.242500 1.645000 4.737500
v 0.269500 1.645000 4.710500
v 0.269500 1.645000 4.809500
v 0.314500 1.645000 4.809500
v 0.314500 1.645000 4.710500
v 0.022500 1.645000 4.672500
v 0.121500 1.645000 4.672500
v 0.121500 1.645000 4.627500
v 0.022500 1.645000 4.627500
v 0.049500 1.645000 4.600500
v 0.049500 1.645000 4.699500
v 0.094500 1.645000 4.699500
v 0.094500 1.645000 4.600500
v 0.132500 1.645000 4.672500
v 0.231500 1.645000 4.672500
v 0.231500 1.645000 4.627500
v 0.132500 1.645000 4.627500
v 0.159500 1.645000 4.600500
v 0.159500 1.645000 4.699500
v 0.204500 1.645000 4.699500
v 0.204500 1.645000 4.600500
v 0.242500 1.645000 4.672500
v 0.341500 1.645000 4.672500
v 0.341500 1.645000 4.627500
v 0.242500 1.645000 4.627500
v 0.269500 1.645000 4.600500
v 0.269500 1.645000 4.699500
v 0.314500 1.645000 4.699500
v 0.314500 1.645000 4.600500
v 0.507500 1.645000 5.112500
v 0.606500 1.645000 5.112500
v 0.606500 1.645000 5.067500
v 0.507500 1.645000 5.067500
v 0.534500 1.645000 5.040500
v 0.534500 1.645000 5.139500
v 0.579500 1.645000 5.139500
v 0.579500 1.645000 5.040500
v 0.617500 1.645000 5.112500
v 0.716500 1.645000 5.112500
v 0.716500 1.645000 5.067500
v 0.617500 1.645000 5.067500
v 0.644500 1.645000 5.040500
v 0.644500 1.645000 5.139500
v 0.689500 1.645000 5.139500
v 0.689500 1.645000 5.040500
v 0.727500 1.645000 5.112500
v 0.826500 1.645000 5.112500
v 0.826500 1.645000 5.067500
v 0.727500 1.645000 5.067500
v 0.754500 1.645000 5.040500
v 0.754500 1.645000 5.139500
v 0.799500 1.645000 5.139500
v 0.799500 1.645000 5.040500
v 0.837500 1.645000 5.112500
v 0.936500 1.645000 5.112500
v 0.936500 1.645000 5.067500
v 0.837500 1.645000 5.067500
v 0.864500 1.645000 5.040500
v 0.864500 1.645000 5.139500
v 0.909500 1.645000 5.139500
v 0.909500 1.645000 5.040500
v 0.507500 1.645000 5.002500
v 0.606500 1.645000 5.002500
v 0.606500 1.645000 4.957500
v 0.507500 1.645000 4.957500
v 0.534500 1.645000 4.930500
v 0.534500 1.645000 5.029500
v 0.579500 1.645000 5.029500
v 0.579500 1.645000 4.930500
v 0.507500 1.645000 4.892500
v 0.606500 1.645000 4.892500
v 0.606500 1.645000 4.847500
v 0.507500 1.645000 4.847500
v 0.534500 1.645000 4.820500
v 0.534500 1.645000 4.919500
v 0.579500 1.645000 4.919500
v 0.579500 1.645000 4.820500
v 0.617500 1.645000 4.892500
v 0.716500 1.645000 4.892500
v 0.716500 1.645000 4.847500
v 0.617500 1.645000 4.847500
v 0.644500 1.645000 4.820500
v 0.644500 1.645000 4.919500
v 0.689500 1.645000 4.919500
v 0.689500 1.645000 4.820500
v 0.727500 1.645000 4.892500
v 0.826500 1.645000 4.892500
v 0.826500 1.645000 4.847500
v 0.727500 1.645000 4.847500
v 0.754500 1.645000 4.820500
v 0.754500 1.645000 4.919500
v 0.799500 1.645000 4.919500
v 0.799500 1.645000 4.820500
v 0.507500 1.645000 4.782500
v 0.606500 1.645000 4.782500
v 0.606500 1.645000 4.737500
v 0.507500 1.645000 4.737500
v 0.534500 1.645000 4.710500
v 0.534500 1.645000 4.809500
v 0.579500 1.645000 4.809500
v 0.579500 1.645000 4.710500
v 0.507500 1.645000 4.672500
v 0.606500 1.645000 4.672500
v 0.606500 1.645000 4.627500
v 0.507500 1.645000 4.627500
v 0.534500 1.645000 4.600500
v 0.534500 1.645000 4.699500
v 0.579500 1.645000 4.699500
v 0.579500 1.645000 4.600500
v 0.617500 1.645000 4.672500
v 0.716500 1.645000 4.672500
v 0.716500 1.645000 4.627500
v 0.617500 1.645000 4.627500
v 0.644500 1.645000 4.600500
v 0.644500 1.645000 4.699500
v 0.689500 1.645000 4.699500
v 0.689500 1.645000 4.600500
v 0.727500 1.645000 4.672500
v 0.826500 1.645000 4.672500
v 0.826500 1.645000 4.627500
v 0.727500 1.645000 4.627500
v 0.754500 1.645000 4.600500
v 0.754500 1.645000 4.699500
v 0.799500 1.645000 4.699500
v 0.799500 1.645000 4.600500
v 0.837500 1.645000 4.672500
v 0.936500 1.645000 4.672500
v 0.936500 1.645000 4.627500
v 0.837500 1.645000 4.627500
v 0.864500 1.645000 4.600500
v 0.864500 1.645000 4.699500
v 0.909500 1.645000 4.699500
v 0.909500 1.645000 4.600500
v 0.992500 1.645000 5.112500
v 1.091500 1.645000 5.112500
v 1.091500 1.645000 5.067500
v 0.992500 1.645000 5.067500
v 1.019500 1.645000 5.040500
v 1.019500 1.645000 5.139500
v 1.064500 1.645000 5.139500
v 1.064500 1.645000 5.040500
v 1.102500 1.645000 5.112500
v 1.201500 1.645000 5.112500
v 1.201500 1.645000 5.067500
v 1.102500 1.645000 5.067500
v 1.129500 1.645000 5.040500
v 1.129500 1.645000 5.139500
v 1.174500 1.645000 5.139500
v 1.174500 1.645000 5.040500
v 1.212500 1.645000 5.112500
v 1.311500 1.645000 5.112500
v 1.311500 1.645000 5.067500
v 1.212500 1.645000 5.067500
v 1.239500 1.645000 5.040500
v 1.239500 1.645000 5.139500
v 1.284500 1.645000 5.139500
v 1.284500 1.645000 5.040500
v 1.322500 1.645000 5.112500
v 1.421500 1.645000 5.112500
v 1.421500 1.645000 5.067500
v 1.322500 1.645000 5.067500
v 1.349500 1.645000 5.040500
v 1.349500 1.645000 5.139500
v 1.394500 1.645000 5.139500
v 1.394500 1.645000 5.040500
v 0.992500 1.645000 5.002500
v 1.091500 1.645000 5.002500
v 1.091500 1.645000 4.957500
v 0.992500 1.645000 4.957500
v 1.019500 1.645000 4.930500
v 1.019500 1.645000 5.029500
v 1.064500 1.645000 5.029500
v 1.064500 1.645000 4.930500
v 0.992500 1.645000 4.892500
v 1.091500 1.645000 4.892500
v 1.091500 1.645000 4.847500
v 0.992500 1.645000 4.847500
v 1.019500 1.645000 4.820500
v 1.019500 1.645000 4.919500
v 1.064500 1.645000 4.919500
v 1.064500 1.645000 4.820500
v 1.102500 1.645000 4.892500
v 1.201500 1.645000 4.892500
v 1.201500 1.645000 4.847500
v 1.102500 1.645000 4.847500
v 1.129500 1.645000 4.820500
v 1.129500 1.645000 4.919500
v 1.174500 1.645000 4.919500
v 1.174500 1.645000 4.820500
v 1.212500 1.645000 4.892500
v 1.311500 1.645000 4.892500
v 1.311500 1.645000 4.847500
v 1.212500 1.645000 4.847500
v 1.239500 1.645000 4.820500
v 1.239500 1.645000 4.919500
v 1.284500 1.645000 4.919500
v 1.284500 1.645000 4.820500
v 1.322500 1.645000 4.892500
v 1.421500 1.645000 4.892500
v 1.421500 1.645000 4.847500
v 1.322500 1.645000 4.847500
v 1.349500 1.645000 4.820500
v 1.349500 1.645000 4.919500
v 1.394500 1.645000 4.919500
v 1.394500 1.645000 4.820500
v 1.322500 1.645000 4.782500
v 1.421500 1.645000 4.782500
v 1.421500 1.645000 4.737500
v 1.322500 1.645000 4.737500
v 1.349500 1.645000 4.710500
v 1.349500 1.645000 4.809500
v 1.394500 1.645000 4.809500
v 1.394500 1.645000 4.710500
v 0.992500 1.645000 4.672500
v 1.091500 1.645000 4.672500
v 1.091500 1.645000 4.627500
v 0.992500 1.645000 4.627500
v 1.019500 1.645000 4.600500
v 1.019500 1.645000 4.699500
v 1.064500 1.645000 4.699500
v 1.064500 1.645000 4.600500
v 1.102500 1.645000 4.672500
v 1.201500 1.645000 4.672500
v 1.201500 1.645000 4.627500
v 1.102500 1.645000 4.627500
v 1.129500 1.645000 4.600500
v 1.129500 1.645000 4.699500
v 1.174500 1.645000 4.699500
v 1.174500 1.645000 4.600500
v 1.212500 1.645000 4.672500
v 1.311500 1.645000 4.672500
v 1.311500 1.645000 4.627500
v 1.212500 1.645000 4.627500
v 1.239500 1.645000 4.600500
v 1.239500 1.645000 4.699500
v 1.284500 1.645000 4.699500
v 1.284500 1.645000 4.600500
v 1.322500 1.645000 4.672500
v 1.421500 1.645000 4.672500
v 1.421500 1.645000 4.627500
v 1.322500 1.645000 4.627500
v 1.349500 1.645000 4.600500
v 1.349500 1.645000 4.699500
v 1.394500 1.645000 4.699500
v 1.394500 1.645000 4.600500
usemtl Glass
f 1 2 66 65
f 2 3 67 66
f 3 4 68 67
f 4 5 69 68
f 5 6 70 69
f 6 7 71 70
f 7 8 72 71
f 8 9 73 72
f 9 10 74 73
f 10 11 75 74
f 11 12 76 75
f 12 13 77 76
f 13 14 78 77
f 14 15 79 78
f 15 16 80 79
f 16 17 81 80
f 17 18 82 81
f 18 19 83 82
f 19 20 84 83
f 20 21 85 84
f 21 22 86 85
f 22 23 87 86
f 23 24 88 87
f 24 25 89 88
f 25 26 90 89
f 26 27 91 90
f 27 28 92 91
f 28 29 93 92
f 29 30 94 93
f 30 31 95 94
f 31 32 96 95
f 32 33 97 96
f 33 34 98 97
f 34 35 99 98
f 35 36 100 99
f 36 37 101 100
f 37 38 102 101
f 38 39 103 102
f 39 40 104 103
f 40 41 105 104
f 41 42 106 105
f 42 43 107 106
f 43 44 108 107
f 44 45 109 108
f 45 46 110 109
f 46 47 111 110
f 47 48 112 111
f 48 49 113 112
f 49 50 114 113
f 50 51 115 114
f 51 52 116 115
f 52 53 117 116
f 53 54 118 117
f 54 55 119 118
f 55 56 120 119
f 56 57 121 120
f 57 58 122 121
f 58 59 123 122
f 59 60 124 123
f 60 61 125 124
f 61 62 126 125
f 62 63 127 126
f 63 64 128 127
f 64 1 65 128
f 65 66 130 129
f 66 67 131 130
f 67 68 132 131
f 68 69 133 132
f 69 70 134 133
f 70 71 135 134
f 71 72 136 135
f 72 73 137 136
f 73 74 138 137
f 74 75 139 138
f 75 76 140 139
f 76 77 141 140
f 77 78 142 141
f 78 79 143 142
f 79 80 144 143
f 80 81 145 144
f 81 82 146 145
f 82 83 147 146
f 83 84 148 147
f 84 85 149 148
f 85 86 150 149
f 86 87 151 150
f 87 88 152 151
f 88 89 153 152
f 89 90 154 153
f 90 91 155 154
f 91 92 156 155
f 92 93 157 156
f 93 94 158 157
f 94 95 159 158
f 95 96 160 159
f 96 97 161 160
f 97 98 162 161
f 98 99 163 162
f 99 100 164 163
f 100 101 165 164
f 101 102 166 165
f 102 103 167 166
f 103 104 168 167
f 104 105 169 168
f 105 106 170 169
f 106 107 171 170
f 107 108 172 171
f 108 109 173 172
f 109 110 174 173
f 110 111 175 174
f 111 112 176 175
f 112 113 177 176
f 113 114 178 177
f 114 115 179 178
f 115 116 180 179
f 116 117 181 180
f 117 118 182 181
f 118 119 183 182
f 119 120 184 183
f 120 121 185 184
f 121 122 186 185
f 122 123 187 186
f 123 124 188 187
f 124 125 189 188
f 125 126 190 189
f 126 127 191 190
f 127 128 192 191
f 128 65 129 192
f 129 130 194 193
f 130 131 195 194
f 131 132 196 195
f 132 133 197 196
f 133 134 198 197
f 134 135 199 198
f 135 136 200 199
f 136 137 201 200
f 137 138 202 201
f 138 139 203 202
f 139 140 204 203
f 140 141 205 204
f 141 142 206 205
f 142 143 207 206
f 143 144 208 207
f 144 145 209 208
f 145 146 210 209
f 146 147 211 210
f 147 148 212 211
f 148 149 213 212
f 149 150 214 213
f 150 151 215 214
f 151 152 216 215
f 152 153 217 216
f 153 154 218 217
f 154 155 219 218
f 155 156 220 219
f 156 157 221 220
f 157 158 222 221
f 158 159 223 222
f 159 160 224 223
f 160 161 225 224
f 161 162 226 225
f 162 163 227 226
f 163 164 228 227
f 164 165 229 228
f 165 166 230 229
f 166 167 231 230
f 167 168 232 231
f 168 169 233 232
f 169 170 234 233
f 170 171 235 234
f 171 172 236 235
f 172 173 237 236
f 173 174 238 237
f 174 175 239 238
f 175 176 240 239
f 176 177 241 240
f 177 178 242 241
f 178 179 243 242
f 179 180 244 243
f 180 181 245 244
f 181 182 246 245
f 182 183 247 246
f 183 184 248 247
f 184 185 249 248
f 185 186 250 249
f 186 187 251 250
f 187 188 252 251
f 188 189 253 252
f 189 190 254 253
f 190 191 255 254
f 191 192 256 255
f 192 129 193 256
f 193 194 258 257
f 194 195 259 258
f 195 196 260 259
f 196 197 261 260
f 197 198 262 261
f 198 199 263 262
f 199 200 264 263
f 200 201 265 264
f 201 202 266 265
f 202 203 267 266
f 203 204 268 267
f 204 205 269 268
f 205 206 270 269
f 206 207 271 270
f 207 208 272 271
f 208 209 273 272
f 209 210 274 273
f 210 211 275 274
f 211 212 276 275
f 212 213 277 276
f 213 214 278 277
f 214 215 279 278
f 215 216 280 279
f 216 217 281 280
f 217 218 282 281
f 218 219 283 282
f 219 220 284 283
f 220 221 285 284
f 221 222 286 285
f 222 223 287 286
f 223 224 288 287
f 224 225 289 288
f 225 226 290 289
f 226 227 291 290
f 227 228 292 291
f 228 229 293 292
f 229 230 294 293
f 230 231 295 294
f 231 232 296 295
f 232 233 297 296
f 233 234 298 297
f 234 235 299 298
f 235 236 300 299
f 236 237 301 300
f 237 238 302 301
f 238 239 303 302
f 239 240 304 303
f 240 241 305 304
f 241 242 306 305
f 242 243 307 306
f 243 244 308 307
f 244 245 309 308
f 245 246 310 309
f 246 247 311 310
f 247 248 312 311
f 248 249 313 312
f 249 250 314 313
f 250 251 315 314
f 251 252 316 315
f 252 253 317 316
f 253 254 318 317
f 254 255 319 318
f 255 256 320 319
f 256 193 257 320
f 257 258 322 321
f 258 259 323 322
f 259 260 324 323
f 260 261 325 324
f 261 262 326 325
f 262 263 327 326
f 263 264 328 327
f 264 265 329 328
f 265 266 330 329
f 266 267 331 330
f 267 268 332 331
f 268 269 333 332
f 269 270 334 333
f 270 271 335 334
f 271 272 336 335
f 272 273 337 336
f 273 274 338 337
f 274 275 339 338
f 275 276 340 339
f 276 277 341 340
f 277 278 342 341
f 278 279 343 342
f 279 280 344 343
f 280 281 345 344
f 281 282 346 345
f 282 283 347 346
f 283 284 348 347
f 284 285 349 348
f 285 286 350 349
f 286 287 351 350
f 287 288 352 351
f 288 289 353 352
f 289 290 354 353
f 290 291 355 354
f 291 292 356 355
f 292 293 357 356
f 293 294 358 357
f 294 295 359 358
f 295 296 360 359
f 296 297 361 360
f 297 298 362 361
f 298 299 363 362
f 299 300 364 363
f 300 301 365 364
f 301 302 366 365
f 302 303 367 366
f 303 304 368 367
f 304 305 369 368
f 305 306 370 369
f 306 307 371 370
f 307 308 372 371
f 308 309 373 372
f 309 310 374 373
f 310 311 375 374
f 311 312 376 375
f 312 313 377 376
f 313 314 378 377
f 314 315 379 378
f 315 316 380 379
f 316 317 381 380
f 317 318 382 381
f 318 319 383 382
f 319 320 384 383
f 320 257 321 384
f 321 322 386 385
f 322 323 387 386
f 323 324 388 387
f 324 325 389 388
f 325 326 390 389
f 326 327 391 390
f 327 328 392 391
f 328 329 393 392
f 329 330 394 393
f 330 331 395 394
f 331 332 396 395
f 332 333 397 396
f 333 334 398 397
f 334 335 399 398
f 335 336 400 399
f 336 337 401 400
f 337 338 402 401
f 338 339 403 402
f 339 340 404 403
f 340 341 405 404
f 341 342 406 405
f 342 343 407 406
f 343 344 408 407
f 344 345 409 408
f 345 346 410 409
f 346 347 411 410
f 347 348 412 411
f 348 349 413 412
f 349 350 414 413
f 350 351 415 414
f 351 352 416 415
f 352 353 417 416
f 353 354 418 417
f 354 355 419 418
f 355 356 420 419
f 356 357 421 420
f 357 358 422 421
f 358 359 423 422
f 359 360 424 423
f 360 361 425 424
f 361 362 426 425
f 362 363 427 426
f 363 364 428 427
f 364 365 429 428
f 365 366 430 429
f 366 367 431 430
f 367 368 432 431
f 368 369 433 432
f 369 370 434 433
f 370 371 435 434
f 371 372 436 435
f 372 373 437 436
f 373 374 438 437
f 374 375 439 438
f 375 376 440 439
f 376 377 441 440
f 377 378 442 441
f 378 379 443 442
f 379 380 444 443
f 380 381 445 444
f 381 382 446 445
f 382 383 447 446
f 383 384 448 447
f 384 321 385 448
f 385 386 450 449
f 386 387 451 450
f 387 388 452 451
f 388 389 453 452
f 389 390 454 453
f 390 391 455 454
f 391 392 456 455
f 392 393 457 456
f 393 394 458 457
f 394 395 459 458
f 395 396 460 459
f 396 397 461 460
f 397 398 462 461
f 398 399 463 462
f 399 400 464 463
f 400 401 465 464
f 401 402 466 465
f 402 403 467 466
f 403 404 468 467
f 404 405 469 468
f 405 406 470 469
f 406 407 471 470
f 407 408 472 471
f 408 409 473 472
f 409 410 474 473
f 410 411 475 474
f 411 412 476 475
f 412 413 477 476
f 413 414 478 477
f 414 415 479 478
f 415 416 480 479
f 416 417 481 480
f 417 418 482 481
f 418 419 483 482
f 419 420 484 483
f 420 421 485 484
f 421 422 486 485
f 422 423 487 486
f 423 424 488 487
f 424 425 489 488
f 425 426 490 489
f 426 427 491 490
f 427 428 492 491
f 428 429 493 492
f 429 430 494 493
f 430 431 495 494
f 431 432 496 495
f 432 433 497 496
f 433 434 498 497
f 434 435 499 498
f 435 436 500 499
f 436 437 501 500
f 437 438 502 501
f 438 439 503 502
f 439 440 504 503
f 440 441 505 504
f 441 442 506 505
f 442 443 507 506
f 443 444 508 507
f 444 445 509 508
f 445 446 510 509
f 446 447 511 510
f 447 448 512 511
f 448 385 449 512
f 449 450 514 513
f 450 451 515 514
f 451 452 516 515
f 452 453 517 516
f 453 454 518 517
f 454 455 519 518
f 455 456 520 519
f 456 457 521 520
f 457 458 522 521
f 458 459 523 522
f 459 460 524 523
f 460 461 525 524
f 461 462 526 525
f 462 463 527 526
f 463 464 528 527
f 464 465 529 528
f 465 466 530 529
f 466 467 531 530
f 467 468 532 531
f 468 469 533 532
f 469 470 534 533
f 470 471 535 534
f 471 472 536 535
f 472 473 537 536
f 473 474 538 537
f 474 475 539 538
f 475 476 540 539
f 476 477 541 540
f 477 478 542 541
f 478 479 543 542
f 479 480 544 543
f 480 481 545 544
f 481 482 546 545
f 482 483 547 546
f 483 484 548 547
f 484 485 549 548
f 485 486 550 549
f 486 487 551 550
f 487 488 552 551
f 488 489 553 552
f 489 490 554 553
f 490 491 555 554
f 491 492 556 555
f 492 493 557 556
f 493 494 558 557
f 494 495 559 558
f 495 496 560 559
f 496 497 561 560
f 497 498 562 561
f 498 499 563 562
f 499 500 564 563
f 500 501 565 564
f 501 502 566 565
f 502 503 567 566
f 503 504 568 567
f 504 505 569 568
f 505 506 570 569
f 506 507 571 570
f 507 508 572 571
f 508 509 573 572
f 509 510 574 573
f 510 511 575 574
f 511 512 576 575
f 512 449 513 576
f 577 2 1
f 578 513 514
f 577 3 2
f 578 514 515
f 577 4 3
f 578 515 516
f 577 5 4
f 578 516 517
f 577 6 5
f 578 517 518
f 577 7 6
f 578 518 519
f 577 8 7
f 578 519 520
f 577 9 8
f 578 520 521
f 577 10 9
f 578 521 522
f 577 11 10
f 578 522 523
f 577 12 11
f 578 523 524
f 577 13 12
f 578 524 525
f 577 14 13
f 578 525 526
f 577 15 14
f 578 526 527
f 577 16 15
f 578 527 528
f 577 17 16
f 578 528 529
f 577 18 17
f 578 529 530
f 577 19 18
f 578 530 531
f 577 20 19
f 578 531 532
f 577 21 20
f 578 532 533
f 577 22 21
f 578 533 534
f 577 23 22
f 578 534 535
f 577 24 23
f 578 535 536
f 577 25 24
f 578 536 537
f 577 26 25
f 578 537 538
f 577 27 26
f 578 538 539
f 577 28 27
f 578 539 540
f 577 29 28
f 578 540 541
f 577 30 29
f 578 541 542
f 577 31 30
f 578 542 543
f 577 32 31
f 578 543 544
f 577 33 32
f 578 544 545
f 577 34 33
f 578 545 546
f 577 35 34
f 578 546 547
f 577 36 35
f 578 547 548
f 577 37 36
f 578 548 549
f 577 38 37
f 578 549 550
f 577 39 38
f 578 550 551
f 577 40 39
f 578 551 552
f 577 41 40
f 578 552 553
f 577 42 41
f 578 553 554
f 577 43 42
f 578 554 555
f 577 44 43
f 578 555 556
f 577 45 44
f 578 556 557
f 577 46 45
f 578 557 558
f 577 47 46
f 578 558 559
f 577 48 47
f 578 559 560
f 577 49 48
f 578 560 561
f 577 50 49
f 578 561 562
f 577 51 50
f 578 562 563
f 577 52 51
f 578 563 564
f 577 53 52
f 578 564 565
f 577 54 53
f 578 565 566
f 577 55 54
f 578 566 567
f 577 56 55
f 578 567 568
f 577 57 56
f 578 568 569
f 577 58 57
f 578 569 570
f 577 59 58
f 578 570 571
f 577 60 59
f 578 571 572
f 577 61 60
f 578 572 573
f 577 62 61
f 578 573 574
f 577 63 62
f 578 574 575
f 577 64 63
f 578 575 576
f 577 1 64
f 578 576 513
usemtl Liquid
f 579 580 644 643
f 580 581 645 644
f 581 582 646 645
f 582 583 647 646
f 583 584 648 647
f 584 585 649 648
f 585 586 650 649
f 586 587 651 650
f 587 588 652 651
f 588 589 653 652
f 589 590 654 653
f 590 591 655 654
f 591 592 656 655
f 592 593 657 656
f 593 594 658 657
f 594 595 659 658
f 595 596 660 659
f 596 597 661 660
f 597 598 662 661
f 598 599 663 662
f 599 600 664 663
f 600 601 665 664
f 601 602 666 665
f 602 603 667 666
f 603 604 668 667
f 604 605 669 668
f 605 606 670 669
f 606 607 671 670
f 607 608 672 671
f 608 609 673 672
f 609 610 674 673
f 610 611 675 674
f 611 612 676 675
f 612 613 677 676
f 613 614 678 677
f 614 615 679 678
f 615 616 680 679
f 616 617 681 680
f 617 618 682 681
f 618 619 683 682
f 619 620 684 683
f 620 621 685 684
f 621 622 686 685
f 622 623 687 686
f 623 624 688 687
f 624 625 689 688
f 625 626 690 689
f 626 627 691 690
f 627 628 692 691
f 628 629 693 692
f 629 630 694 693
f 630 631 695 694
f 631 632 696 695
f 632 633 697 696
f 633 634 698 697
f 634 635 699 698
f 635 636 700 699
f 636 637 701 700
f 637 638 702 701
f 638 639 703 702
f 639 640 704 703
f 640 641 705 704
f 641 642 706 705
f 642 579 643 706
f 643 644 708 707
f 644 645 709 708
f 645 646 710 709
f 646 647 711 710
f 647 648 712 711
f 648 649 713 712
f 649 650 714 713
f 650 651 715 714
f 651 652 716 715
f 652 653 717 716
f 653 654 718 717
f 654 655 719 718
f 655 656 720 719
f 656 657 721 720
f 657 658 722 721
f 658 659 723 722
f 659 660 724 723
f 660 661 725 724
f 661 662 726 725
f 662 663 727 726
f 663 664 728 727
f 664 665 729 728
f 665 666 730 729
f 666 667 731 730
f 667 668 732 731
f 668 669 733 732
f 669 670 734 733
f 670 671 735 734
f 671 672 736 735
f 672 673 737 736
f 673 674 738 737
f 674 675 739 738
f 675 676 740 739
f 676 677 741 740
f 677 678 742 741
f 678 679 743 742
f 679 680 744 743
f 680 681 745 744
f 681 682 746 745
f 682 683 747 746
f 683 684 748 747
f 684 685 749 748
f 685 686 750 749
f 686 687 751 750
f 687 688 752 751
f 688 689 753 752
f 689 690 754 753
f 690 691 755 754
f 691 692 756 755
f 692 693 757 756
f 693 694 758 757
f 694 695 759 758
f 695 696 760 759
f 696 697 761 760
f 697 698 762 761
f 698 699 763 762
f 699 700 764 763
f 700 701 765 764
f 701 702 766 765
f 702 703 767 766
f 703 704 768 767
f 704 705 769 768
f 705 706 770 769
f 706 643 707 770
f 707 708 772 771
f 708 709 773 772
f 709 710 774 773
f 710 711 775 774
f 711 712 776 775
f 712 713 777 776
f 713 714 778 777
f 714 715 779 778
f 715 716 780 779
f 716 717 781 780
f 717 718 782 781
f 718 719 783 782
f 719 720 784 783
f 720 721 785 784
f 721 722 786 785
f 722 723 787 786
f 723 724 788 787
f 724 725 789 788
f 725 726 790 789
f 726 727 791 790
f 727 728 792 791
f 728 729 793 792
f 729 730 794 793
f 730 731 795 794
f 731 732 796 795
f 732 733 797 796
f 733 734 798 797
f 734 735 799 798
f 735 736 800 799
f 736 737 801 800
f 737 738 802 801
f 738 739 803 802
f 739 740 804 803
f 740 741 805 804
f 741 742 806 805
f 742 743 807 806
f 743 744 808 807
f 744 745 809 808
f 745 746 810 809
f 746 747 811 810
f 747 748 812 811
f 748 749 813 812
f 749 750 814 813
f 750 751 815 814
f 751 752 816 815
f 752 753 817 816
f 753 754 818 817
f 754 755 819 818
f 755 756 820 819
f 756 757 821 820
f 757 758 822 821
f 758 759 823 822
f 759 760 824 823
f 760 761 825 824
f 761 762 826 825
f 762 763 827 826
f 763 764 828 827
f 764 765 829 828
f 765 766 830 829
f 766 767 831 830
f 767 768 832 831
f 768 769 833 832
f 769 770 834 833
f 770 707 771 834
f 771 772 836 835
f 772 773 837 836
f 773 774 838 837
f 774 775 839 838
f 775 776 840 839
f 776 777 841 840
f 777 778 842 841
f 778 779 843 842
f 779 780 844 843
f 780 781 845 844
f 781 782 846 845
f 782 783 847 846
f 783 784 848 847
f 784 785 849 848
f 785 786 850 849
f 786 787 851 850
f 787 788 852 851
f 788 789 853 852
f 789 790 854 853
f 790 791 855 854
f 791 792 856 855
f 792 793 857 856
f 793 794 858 857
f 794 795 859 858
f 795 796 860 859
f 796 797 861 860
f 797 798 862 861
f 798 799 863 862
f 799 800 864 863
f 800 801 865 864
f 801 802 866 865
f 802 803 867 866
f 803 804 868 867
f 804 805 869 868
f 805 806 870 869
f 806 807 871 870
f 807 808 872 871
f 808 809 873 872
f 809 810 874 873
f 810 811 875 874
f 811 812 876 875
f 812 813 877 876
f 813 814 878 877
f 814 815 879 878
f 815 816 880 879
f 816 817 881 880
f 817 818 882 881
f 818 819 883 882
f 819 820 884 883
f 820 821 885 884
f 821 822 886 885
f 822 823 887 886
f 823 824 888 887
f 824 825 889 888
f 825 826 890 889
f 826 827 891 890
f 827 828 892 891
f 828 829 893 892
f 829 830 894 893
f 830 831 895 894
f 831 832 896 895
f 832 833 897 896
f 833 834 898 897
f 834 771 835 898
f 835 836 900 899
f 836 837 901 900
f 837 838 902 901
f 838 839 903 902
f 839 840 904 903
f 840 841 905 904
f 841 842 906 905
f 842 843 907 906
f 843 844 908 907
f 844 845 909 908
f 845 846 910 909
f 846 847 911 910
f 847 848 912 911
f 848 849 913 912
f 849 850 914 913
f 850 851 915 914
f 851 852 916 915
f 852 853 917 916
f 853 854 918 917
f 854 855 919 918
f 855 856 920 919
f 856 857 921 920
f 857 858 922 921
f 858 859 923 922
f 859 860 924 923
f 860 861 925 924
f 861 862 926 925
f 862 863 927 926
f 863 864 928 927
f 864 865 929 928
f 865 866 930 929
f 866 867 931 930
f 867 868 932 931
f 868 869 933 932
f 869 870 934 933
f 870 871 935 934
f 871 872 936 935
f 872 873 937 936
f 873 874 938 937
f 874 875 939 938
f 875 876 940 939
f 876 877 941 940
f 877 878 942 941
f 878 879 943 942
f 879 880 944 943
f 880 881 945 944
f 881 882 946 945
f 882 883 947 946
f 883 884 948 947
f 884 885 949 948
f 885 886 950 949
f 886 887 951 950
f 887 888 952 951
f 888 889 953 952
f 889 890 954 953
f 890 891 955 954
f 891 892 956 955
f 892 893 957 956
f 893 894 958 957
f 894 895 959 958
f 895 896 960 959
f 896 897 961 960
f 897 898 962 961
f 898 835 899 962
f 899 900 964 963
f 900 901 965 964
f 901 902 966 965
f 902 903 967 966
f 903 904 968 967
f 904 905 969 968
f 905 906 970 969
f 906 907 971 970
f 907 908 972 971
f 908 909 973 972
f 909 910 974 973
f 910 911 975 974
f 911 912 976 975
f 912 913 977 976
f 913 914 978 977
f 914 915 979 978
f 915 916 980 979
f 916 917 981 980
f 917 918 982 981
f 918 919 983 982
f 919 920 984 983
f 920 921 985 984
f 921 922 986 985
f 922 923 987 986
f 923 924 988 987
f 924 925 989 988
f 925 926 990 989
f 926 927 991 990
f 927 928 992 991
f 928 929 993 992
f 929 930 994 993
f 930 931 995 994
f 931 932 996 995
f 932 933 997 996
f 933 934 998 997
f 934 935 999 998
f 935 936 1000 999
f 936 937 1001 1000
f 937 938 1002 1001
f 938 939 1003 1002
f 939 940 1004 1003
f 940 941 1005 1004
f 941 942 1006 1005
f 942 943 1007 1006
f 943 944 1008 1007
f 944 945 1009 1008
f 945 946 1010 1009
f 946 947 1011 1010
f 947 948 1012 1011
f 948 949 1013 1012
f 949 950 1014 1013
f 950 951 1015 1014
f 951 952 1016 1015
f 952 953 1017 1016
f 953 954 1018 1017
f 954 955 1019 1018
f 955 956 1020 1019
f 956 957 1021 1020
f 957 958 1022 1021
f 958 959 1023 1022
f 959 960 1024 1023
f 960 961 1025 1024
f 961 962 1026 1025
f 962 899 963 1026
f 963 964 1028 1027
f 964 965 1029 1028
f 965 966 1030 1029
f 966 967 1031 1030
f 967 968 1032 1031
f 968 969 1033 1032
f 969 970 1034 1033
f 970 971 1035 1034
f 971 972 1036 1035
f 972 973 1037 1036
f 973 974 1038 1037
f 974 975 1039 1038
f 975 976 1040 1039
f 976 977 1041 1040
f 977 978 1042 1041
f 978 979 1043 1042
f 979 980 1044 1043
f 980 981 1045 1044
f 981 982 1046 1045
f 982 983 1047 1046
f 983 984 1048 1047
f 984 985 1049 1048
f 985 986 1050 1049
f 986 987 1051 1050
f 987 988 1052 1051
f 988 989 1053 1052
f 989 990 1054 1053
f 990 991 1055 1054
f 991 992 1056 1055
f 992 993 1057 1056
f 993 994 1058 1057
f 994 995 1059 1058
f 995 996 1060 1059
f 996 997 1061 1060
f 997 998 1062 1061
f 998 999 1063 1062
f 999 1000 1064 1063
f 1000 1001 1065 1064
f 1001 1002 1066 1065
f 1002 1003 1067 1066
f 1003 1004 1068 1067
f 1004 1005 1069 1068
f 1005 1006 1070 1069
f 1006 1007 1071 1070
f 1007 1008 1072 1071
f 1008 1009 1073 1072
f 1009 1010 1074 1073
f 1010 1011 1075 1074
f 1011 1012 1076 1075
f 1012 1013 1077 1076
f 1013 1014 1078 1077
f 1014 1015 1079 1078
f 1015 1016 1080 1079
f 1016 1017 1081 1080
f 1017 1018 1082 1081
f 1018 1019 1083 1082
f 1019 1020 1084 1083
f 1020 1021 1085 1084
f 1021 1022 1086 1085
f 1022 1023 1087 1086
f 1023 1024 1088 1087
f 1024 1025 1089 1088
f 1025 1026 1090 1089
f 1026 963 1027 1090
f 1091 580 579
f 1092 1027 1028
f 1091 581 580
f 1092 1028 1029
f 1091 582 581
f 1092 1029 1030
f 1091 583 582
f 1092 1030 1031
f 1091 584 583
f 1092 1031 1032
f 1091 585 584
f 1092 1032 1033
f 1091 586 585
f 1092 1033 1034
f 1091 587 586
f 1092 1034 1035
f 1091 588 587
f 1092 1035 1036
f 1091 589 588
f 1092 1036 1037
f 1091 590 589
f 1092 1037 1038
f 1091 591 590
f 1092 1038 1039
f 1091 592 591
f 1092 1039 1040
f 1091 593 592
f 1092 1040 1041
f 1091 594 593
f 1092 1041 1042
f 1091 595 594
f 1092 1042 1043
f 1091 596 595
f 1092 1043 1044
f 1091 597 596
f 1092 1044 1045
f 1091 598 597
f 1092 1045 1046
f 1091 599 598
f 1092 1046 1047
f 1091 600 599
f 1092 1047 1048
f 1091 601 600
f 1092 1048 1049
f 1091 602 601
f 1092 1049 1050
f 1091 603 602
f 1092 1050 1051
f 1091 604 603
f 1092 1051 1052
f 1091 605 604
f 1092 1052 1053
f 1091 606 605
f 1092 1053 1054
f 1091 607 606
f 1092 1054 1055
f 1091 608 607
f 1092 1055 1056
f 1091 609 608
f 1092 1056 1057
f 1091 610 609
f 1092 1057 1058
f 1091 611 610
f 1092 1058 1059
f 1091 612 611
f 1092 1059 1060
f 1091 613 612
f 1092 1060 1061
f 1091 614 613
f 1092 1061 1062
f 1091 615 614
f 1092 1062 1063
f 1091 616 615
f 1092 1063 1064
f 1091 617 616
f 1092 1064 1065
f 1091 618 617
f 1092 1065 1066
f 1091 619 618
f 1092 1066 1067
f 1091 620 619
f 1092 1067 1068
f 1091 621 620
f 1092 1068 1069
f 1091 622 621
f 1092 1069 1070
f 1091 623 622
f 1092 1070 1071
f 1091 624 623
f 1092 1071 1072
f 1091 625 624
f 1092 1072 1073
f 1091 626 625
f 1092 1073 1074
f 1091 627 626
f 1092 1074 1075
f 1091 628 627
f 1092 1075 1076
f 1091 629 628
f 1092 1076 1077
f 1091 630 629
f 1092 1077 1078
f 1091 631 630
f 1092 1078 1079
f 1091 632 631
f 1092 1079 1080
f 1091 633 632
f 1092 1080 1081
f 1091 634 633
f 1092 1081 1082
f 1091 635 634
f 1092 1082 1083
f 1091 636 635
f 1092 1083 1084
f 1091 637 636
f 1092 1084 1085
f 1091 638 637
f 1092 1085 1086
f 1091 639 638
f 1092 1086 1087
f 1091 640 639
f 1092 1087 1088
f 1091 641 640
f 1092 1088 1089
f 1091 642 641
f 1092 1089 1090
f 1091 579 642
f 1092 1090 1027
usemtl Metal
f 1093 1094 1158 1157
f 1094 1095 1159 1158
f 1095 1096 1160 1159
f 1096 1097 1161 1160
f 1097 1098 1162 1161
f 1098 1099 1163 1162
f 1099 1100 1164 1163
f 1100 1101 1165 1164
f 1101 1102 1166 1165
f 1102 1103 1167 1166
f 1103 1104 1168 1167
f 1104 1105 1169 1168
f 1105 1106 1170 1169
f 1106 1107 1171 1170
f 1107 1108 1172 1171
f 1108 1109 1173 1172
f 1109 1110 1174 1173
f 1110 1111 1175 1174
f 1111 1112 1176 1175
f 1112 1113 1177 1176
f 1113 1114 1178 1177
f 1114 1115 1179 1178
f 1115 1116 1180 1179
f 1116 1117 1181 1180
f 1117 1118 1182 1181
f 1118 1119 1183 1182
f 1119 1120 1184 1183
f 1120 1121 1185 1184
f 1121 1122 1186 1185
f 1122 1123 1187 1186
f 1123 1124 1188 1187
f 1124 1125 1189 1188
f 1125 1126 1190 1189
f 1126 1127 1191 1190
f 1127 1128 1192 1191
f 1128 1129 1193 1192
f 1129 1130 1194 1193
f 1130 1131 1195 1194
f 1131 1132 1196 1195
f 1132 1133 1197 1196
f 1133 1134 1198 1197
f 1134 1135 1199 1198
f 1135 1136 1200 1199
f 1136 1137 1201 1200
f 1137 1138 1202 1201
f 1138 1139 1203 1202
f 1139 1140 1204 1203
f 1140 1141 1205 1204
f 1141 1142 1206 1205
f 1142 1143 1207 1206
f 1143 1144 1208 1207
f 1144 1145 1209 1208
f 1145 1146 1210 1209
f 1146 1147 1211 1210
f 1147 1148 1212 1211
f 1148 1149 1213 1212
f 1149 1150 1214 1213
f 1150 1151 1215 1214
f 1151 1152 1216 1215
f 1152 1153 1217 1216
f 1153 1154 1218 1217
f 1154 1155 1219 1218
f 1155 1156 1220 1219
f 1156 1093 1157 1220
f 1157 1158 1222 1221
f 1158 1159 1223 1222
f 1159 1160 1224 1223
f 1160 1161 1225 1224
f 1161 1162 1226 1225
f 1162 1163 1227 1226
f 1163 1164 1228 1227
f 1164 1165 1229 1228
f 1165 1166 1230 1229
f 1166 1167 1231 1230
f 1167 1168 1232 1231
f 1168 1169 1233 1232
f 1169 1170 1234 1233
f 1170 1171 1235 1234
f 1171 1172 1236 1235
f 1172 1173 1237 1236
f 1173 1174 1238 1237
f 1174 1175 1239 1238
f 1175 1176 1240 1239
f 1176 1177 1241 1240
f 1177 1178 1242 1241
f 1178 1179 1243 1242
f 1179 1180 1244 1243
f 1180 1181 1245 1244
f 1181 1182 1246 1245
f 1182 1183 1247 1246
f 1183 1184 1248 1247
f 1184 1185 1249 1248
f 1185 1186 1250 1249
f 1186 1187 1251 1250
f 1187 1188 1252 1251
f 1188 1189 1253 1252
f 1189 1190 1254 1253
f 1190 1191 1255 1254
f 1191 1192 1256 1255
f 1192 1193 1257 1256
f 1193 1194 1258 1257
f 1194 1195 1259 1258
f 1195 1196 1260 1259
f 1196 1197 1261 1260
f 1197 1198 1262 1261
f 1198 1199 1263 1262
f 1199 1200 1264 1263
f 1200 1201 1265 1264
f 1201 1202 1266 1265
f 1202 1203 1267 1266
f 1203 1204 1268 1267
f 1204 1205 1269 1268
f 1205 1206 1270 1269
f 1206 1207 1271 1270
f 1207 1208 1272 1271
f 1208 1209 1273 1272
f 1209 1210 1274 1273
f 1210 1211 1275 1274
f 1211 1212 1276 1275
f 1212 1213 1277 1276
f 1213 1214 1278 1277
f 1214 1215 1279 1278
f 1215 1216 1280 1279
f 1216 1217 1281 1280
f 1217 1218 1282 1281
f 1218 1219 1283 1282
f 1219 1220 1284 1283
f 1220 1157 1221 1284
f 1221 1222 1286 1285
f 1222 1223 1287 1286
f 1223 1224 1288 1287
f 1224 1225 1289 1288
f 1225 1226 1290 1289
f 1226 1227 1291 1290
f 1227 1228 1292 1291
f 1228 1229 1293 1292
f 1229 1230 1294 1293
f 1230 1231 1295 1294
f 1231 1232 1296 1295
f 1232 1233 1297 1296
f 1233 1234 1298 1297
f 1234 1235 1299 1298
f 1235 1236 1300 1299
f 1236 1237 1301 1300
f 1237 1238 1302 1301
f 1238 1239 1303 1302
f 1239 1240 1304 1303
f 1240 1241 1305 1304
f 1241 1242 1306 1305
f 1242 1243 1307 1306
f 1243 1244 1308 1307
f 1244 1245 1309 1308
f 1245 1246 1310 1309
f 1246 1247 1311 1310
f 1247 1248 1312 1311
f 1248 1249 1313 1312
f 1249 1250 1314 1313
f 1250 1251 1315 1314
f 1251 1252 1316 1315
f 1252 1253 1317 1316
f 1253 1254 1318 1317
f 1254 1255 1319 1318
f 1255 1256 1320 1319
f 1256 1257 1321 1320
f 1257 1258 1322 1321
f 1258 1259 1323 1322
f 1259 1260 1324 1323
f 1260 1261 1325 1324
f 1261 1262 1326 1325
f 1262 1263 1327 1326
f 1263 1264 1328 1327
f 1264 1265 1329 1328
f 1265 1266 1330 1329
f 1266 1267 1331 1330
f 1267 1268 1332 1331
f 1268 1269 1333 1332
f 1269 1270 1334 1333
f 1270 1271 1335 1334
f 1271 1272 1336 1335
f 1272 1273 1337 1336
f 1273 1274 1338 1337
f 1274 1275 1339 1338
f 1275 1276 1340 1339
f 1276 1277 1341 1340
f 1277 1278 1342 1341
f 1278 1279 1343 1342
f 1279 1280 1344 1343
f 1280 1281 1345 1344
f 1281 1282 1346 1345
f 1282 1283 1347 1346
f 1283 1284 1348 1347
f 1284 1221 1285 1348
f 1349 1094 1093
f 1350 1285 1286
f 1349 1095 1094
f 1350 1286 1287
f 1349 1096 1095
f 1350 1287 1288
f 1349 1097 1096
f 1350 1288 1289
f 1349 1098 1097
f 1350 1289 1290
f 1349 1099 1098
f 1350 1290 1291
f 1349 1100 1099
f 1350 1291 1292
f 1349 1101 1100
f 1350 1292 1293
f 1349 1102 1101
f 1350 1293 1294
f 1349 1103 1102
f 1350 1294 1295
f 1349 1104 1103
f 1350 1295 1296
f 1349 1105 1104
f 1350 1296 1297
f 1349 1106 1105
f 1350 1297 1298
f 1349 1107 1106
f 1350 1298 1299
f 1349 1108 1107
f 1350 1299 1300
f 1349 1109 1108
f 1350 1300 1301
f 1349 1110 1109
f 1350 1301 1302
f 1349 1111 1110
f 1350 1302 1303
f 1349 1112 1111
f 1350 1303 1304
f 1349 1113 1112
f 1350 1304 1305
f 1349 1114 1113
f 1350 1305 1306
f 1349 1115 1114
f 1350 1306 1307
f 1349 1116 1115
f 1350 1307 1308
f 1349 1117 1116
f 1350 1308 1309
f 1349 1118 1117
f 1350 1309 1310
f 1349 1119 1118
f 1350 1310 1311
f 1349 1120 1119
f 1350 1311 1312
f 1349 1121 1120
f 1350 1312 1313
f 1349 1122 1121
f 1350 1313 1314
f 1349 1123 1122
f 1350 1314 1315
f 1349 1124 1123
f 1350 1315 1316
f 1349 1125 1124
f 1350 1316 1317
f 1349 1126 1125
f 1350 1317 1318
f 1349 1127 1126
f 1350 1318 1319
f 1349 1128 1127
f 1350 1319 1320
f 1349 1129 1128
f 1350 1320 1321
f 1349 1130 1129
f 1350 1321 1322
f 1349 1131 1130
f 1350 1322 1323
f 1349 1132 1131
f 1350 1323 1324
f 1349 1133 1132
f 1350 1324 1325
f 1349 1134 1133
f 1350 1325 1326
f 1349 1135 1134
f 1350 1326 1327
f 1349 1136 1135
f 1350 1327 1328
f 1349 1137 1136
f 1350 1328 1329
f 1349 1138 1137
f 1350 1329 1330
f 1349 1139 1138
f 1350 1330 1331
f 1349 1140 1139
f 1350 1331 1332
f 1349 1141 1140
f 1350 1332 1333
f 1349 1142 1141
f 1350 1333 1334
f 1349 1143 1142
f 1350 1334 1335
f 1349 1144 1143
f 1350 1335 1336
f 1349 1145 1144
f 1350 1336 1337
f 1349 1146 1145
f 1350 1337 1338
f 1349 1147 1146
f 1350 1338 1339
f 1349 1148 1147
f 1350 1339 1340
f 1349 1149 1148
f 1350 1340 1341
f 1349 1150 1149
f 1350 1341 1342
f 1349 1151 1150
f 1350 1342 1343
f 1349 1152 1151
f 1350 1343 1344
f 1349 1153 1152
f 1350 1344 1345
f 1349 1154 1153
f 1350 1345 1346
f 1349 1155 1154
f 1350 1346 1347
f 1349 1156 1155
f 1350 1347 1348
f 1349 1093 1156
f 1350 1348 1285
f 1351 1352 1416 1415
f 1352 1353 1417 1416
f 1353 1354 1418 1417
f 1354 1355 1419 1418
f 1355 1356 1420 1419
f 1356 1357 1421 1420
f 1357 1358 1422 1421
f 1358 1359 1423 1422
f 1359 1360 1424 1423
f 1360 1361 1425 1424
f 1361 1362 1426 1425
f 1362 1363 1427 1426
f 1363 1364 1428 1427
f 1364 1365 1429 1428
f 1365 1366 1430 1429
f 1366 1367 1431 1430
f 1367 1368 1432 1431
f 1368 1369 1433 1432
f 1369 1370 1434 1433
f 1370 1371 1435 1434
f 1371 1372 1436 1435
f 1372 1373 1437 1436
f 1373 1374 1438 1437
f 1374 1375 1439 1438
f 1375 1376 1440 1439
f 1376 1377 1441 1440
f 1377 1378 1442 1441
f 1378 1379 1443 1442
f 1379 1380 1444 1443
f 1380 1381 1445 1444
f 1381 1382 1446 1445
f 1382 1383 1447 1446
f 1383 1384 1448 1447
f 1384 1385 1449 1448
f 1385 1386 1450 1449
f 1386 1387 1451 1450
f 1387 1388 1452 1451
f 1388 1389 1453 1452
f 1389 1390 1454 1453
f 1390 1391 1455 1454
f 1391 1392 1456 1455
f 1392 1393 1457 1456
f 1393 1394 1458 1457
f 1394 1395 1459 1458
f 1395 1396 1460 1459
f 1396 1397 1461 1460
f 1397 1398 1462 1461
f 1398 1399 1463 1462
f 1399 1400 1464 1463
f 1400 1401 1465 1464
f 1401 1402 1466 1465
f 1402 1403 1467 1466
f 1403 1404 1468 1467
f 1404 1405 1469 1468
f 1405 1406 1470 1469
f 1406 1407 1471 1470
f 1407 1408 1472 1471
f 1408 1409 1473 1472
f 1409 1410 1474 1473
f 1410 1411 1475 1474
f 1411 1412 1476 1475
f 1412 1413 1477 1476
f 1413 1414 1478 1477
f 1414 1351 1415 1478
f 1415 1416 1480 1479
f 1416 1417 1481 1480
f 1417 1418 1482 1481
f 1418 1419 1483 1482
f 1419 1420 1484 1483
f 1420 1421 1485 1484
f 1421 1422 1486 1485
f 1422 1423 1487 1486
f 1423 1424 1488 1487
f 1424 1425 1489 1488
f 1425 1426 1490 1489
f 1426 1427 1491 1490
f 1427 1428 1492 1491
f 1428 1429 1493 1492
f 1429 1430 1494 1493
f 1430 1431 1495 1494
f 1431 1432 1496 1495
f 1432 1433 1497 1496
f 1433 1434 1498 1497
f 1434 1435 1499 1498
f 1435 1436 1500 1499
f 1436 1437 1501 1500
f 1437 1438 1502 1501
f 1438 1439 1503 1502
f 1439 1440 1504 1503
f 1440 1441 1505 1504
f 1441 1442 1506 1505
f 1442 1443 1507 1506
f 1443 1444 1508 1507
f 1444 1445 1509 1508
f 1445 1446 1510 1509
f 1446 1447 1511 1510
f 1447 1448 1512 1511
f 1448 1449 1513 1512
f 1449 1450 1514 1513
f 1450 1451 1515 1514
f 1451 1452 1516 1515
f 1452 1453 1517 1516
f 1453 1454 1518 1517
f 1454 1455 1519 1518
f 1455 1456 1520 1519
f 1456 1457 1521 1520
f 1457 1458 1522 1521
f 1458 1459 1523 1522
f 1459 1460 1524 1523
f 1460 1461 1525 1524
f 1461 1462 1526 1525
f 1462 1463 1527 1526
f 1463 1464 1528 1527
f 1464 1465 1529 1528
f 1465 1466 1530 1529
f 1466 1467 1531 1530
f 1467 1468 1532 1531
f 1468 1469 1533 1532
f 1469 1470 1534 1533
f 1470 1471 1535 1534
f 1471 1472 1536 1535
f 1472 1473 1537 1536
f 1473 1474 1538 1537
f 1474 1475 1539 1538
f 1475 1476 1540 1539
f 1476 1477 1541 1540
f 1477 1478 1542 1541
f 1478 1415 1479 1542
f 1479 1480 1544 1543
f 1480 1481 1545 1544
f 1481 1482 1546 1545
f 1482 1483 1547 1546
f 1483 1484 1548 1547
f 1484 1485 1549 1548
f 1485 1486 1550 1549
f 1486 1487 1551 1550
f 1487 1488 1552 1551
f 1488 1489 1553 1552
f 1489 1490 1554 1553
f 1490 1491 1555 1554
f 1491 1492 1556 1555
f 1492 1493 1557 1556
f 1493 1494 1558 1557
f 1494 1495 1559 1558
f 1495 1496 1560 1559
f 1496 1497 1561 1560
f 1497 1498 1562 1561
f 1498 1499 1563 1562
f 1499 1500 1564 1563
f 1500 1501 1565 1564
f 1501 1502 1566 1565
f 1502 1503 1567 1566
f 1503 1504 1568 1567
f 1504 1505 1569 1568
f 1505 1506 1570 1569
f 1506 1507 1571 1570
f 1507 1508 1572 1571
f 1508 1509 1573 1572
f 1509 1510 1574 1573
f 1510 1511 1575 1574
f 1511 1512 1576 1575
f 1512 1513 1577 1576
f 1513 1514 1578 1577
f 1514 1515 1579 1578
f 1515 1516 1580 1579
f 1516 1517 1581 1580
f 1517 1518 1582 1581
f 1518 1519 1583 1582
f 1519 1520 1584 1583
f 1520 1521 1585 1584
f 1521 1522 1586 1585
f 1522 1523 1587 1586
f 1523 1524 1588 1587
f 1524 1525 1589 1588
f 1525 1526 1590 1589
f 1526 1527 1591 1590
f 1527 1528 1592 1591
f 1528 1529 1593 1592
f 1529 1530 1594 1593
f 1530 1531 1595 1594
f 1531 1532 1596 1595
f 1532 1533 1597 1596
f 1533 1534 1598 1597
f 1534 1535 1599 1598
f 1535 1536 1600 1599
f 1536 1537 1601 1600
f 1537 1538 1602 1601
f 1538 1539 1603 1602
f 1539 1540 1604 1603
f 1540 1541 1605 1604
f 1541 1542 1606 1605
f 1542 1479 1543 1606
f 1607 1352 1351
f 1608 1543 1544
f 1607 1353 1352
f 1608 1544 1545
f 1607 1354 1353
f 1608 1545 1546
f 1607 1355 1354
f 1608 1546 1547
f 1607 1356 1355
f 1608 1547 1548
f 1607 1357 1356
f 1608 1548 1549
f 1607 1358 1357
f 1608 1549 1550
f 1607 1359 1358
f 1608 1550 1551
f 1607 1360 1359
f 1608 1551 1552
f 1607 1361 1360
f 1608 1552 1553
f 1607 1362 1361
f 1608 1553 1554
f 1607 1363 1362
f 1608 1554 1555
f 1607 1364 1363
f 1608 1555 1556
f 1607 1365 1364
f 1608 1556 1557
f 1607 1366 1365
f 1608 1557 1558
f 1607 1367 1366
f 1608 1558 1559
f 1607 1368 1367
f 1608 1559 1560
f 1607 1369 1368
f 1608 1560 1561
f 1607 1370 1369
f 1608 1561 1562
f 1607 1371 1370
f 1608 1562 1563
f 1607 1372 1371
f 1608 1563 1564
f 1607 1373 1372
f 1608 1564 1565
f 1607 1374 1373
f 1608 1565 1566
f 1607 1375 1374
f 1608 1566 1567
f 1607 1376 1375
f 1608 1567 1568
f 1607 1377 1376
f 1608 1568 1569
f 1607 1378 1377
f 1608 1569 1570
f 1607 1379 1378
f 1608 1570 1571
f 1607 1380 1379
f 1608 1571 1572
f 1607 1381 1380
f 1608 1572 1573
f 1607 1382 1381
f 1608 1573 1574
f 1607 1383 1382
f 1608 1574 1575
f 1607 1384 1383
f 1608 1575 1576
f 1607 1385 1384
f 1608 1576 1577
f 1607 1386 1385
f 1608 1577 1578
f 1607 1387 1386
f 1608 1578 1579
f 1607 1388 1387
f 1608 1579 1580
f 1607 1389 1388
f 1608 1580 1581
f 1607 1390 1389
f 1608 1581 1582
f 1607 1391 1390
f 1608 1582 1583
f 1607 1392 1391
f 1608 1583 1584
f 1607 1393 1392
f 1608 1584 1585
f 1607 1394 1393
f 1608 1585 1586
f 1607 1395 1394
f 1608 1586 1587
f 1607 1396 1395
f 1608 1587 1588
f 1607 1397 1396
f 1608 1588 1589
f 1607 1398 1397
f 1608 1589 1590
f 1607 1399 1398
f 1608 1590 1591
f 1607 1400 1399
f 1608 1591 1592
f 1607 1401 1400
f 1608 1592 1593
f 1607 1402 1401
f 1608 1593 1594
f 1607 1403 1402
f 1608 1594 1595
f 1607 1404 1403
f 1608 1595 1596
f 1607 1405 1404
f 1608 1596 1597
f 1607 1406 1405
f 1608 1597 1598
f 1607 1407 1406
f 1608 1598 1599
f 1607 1408 1407
f 1608 1599 1600
f 1607 1409 1408
f 1608 1600 1601
f 1607 1410 1409
f 1608 1601 1602
f 1607 1411 1410
f 1608 1602 1603
f 1607 1412 1411
f 1608 1603 1604
f 1607 1413 1412
f 1608 1604 1605
f 1607 1414 1413
f 1608 1605 1606
f 1607 1351 1414
f 1608 1606 1543
usemtl Label
f 1609 1610 1611 1612
usemtl Ink
f 1613 1614 1615 1616
f 1617 1618 1619 1620
f 1621 1622 1623 1624
f 1625 1626 1627 1628
f 1629 1630 1631 1632
f 1633 1634 1635 1636
f 1637 1638 1639 1640
f 1641 1642 1643 1644
f 1645 1646 1647 1648
f 1649 1650 1651 1652
f 1653 1654 1655 1656
f 1657 1658 1659 1660
f 1661 1662 1663 1664
f 1665 1666 1667 1668
f 1669 1670 1671 1672
f 1673 1674 1675 1676
f 1677 1678 1679 1680
f 1681 1682 1683 1684
f 1685 1686 1687 1688
f 1689 1690 1691 1692
f 1693 1694 1695 1696
f 1697 1698 1699 1700
f 1701 1702 1703 1704
f 1705 1706 1707 1708
f 1709 1710 1711 1712
f 1713 1714 1715 1716
f 1717 1718 1719 1720
f 1721 1722 1723 1724
f 1725 1726 1727 1728
f 1729 1730 1731 1732
f 1733 1734 1735 1736
f 1737 1738 1739 1740
f 1741 1742 1743 1744
f 1745 1746 1747 1748
f 1749 1750 1751 1752
f 1753 1754 1755 1756
f 1757 1758 1759 1760
f 1761 1762 1763 1764
f 1765 1766 1767 1768
f 1769 1770 1771 1772
f 1773 1774 1775 1776
f 1777 1778 1779 1780
f 1781 1782 1783 1784
f 1785 1786 1787 1788
f 1789 1790 1791 1792
f 1793 1794 1795 1796
f 1797 1798 1799 1800
f 1801 1802 1803 1804
f 1805 1806 1807 1808
f 1809 1810 1811 1812
f 1813 1814 1815 1816
f 1817 1818 1819 1820
f 1821 1822 1823 1824
f 1825 1826 1827 1828
f 1829 1830 1831 1832
f 1833 1834 1835 1836
f 1837 1838 1839 1840
f 1841 1842 1843 1844
f 1845 1846 1847 1848
f 1849 1850 1851 1852
f 1853 1854 1855 1856
f 1857 1858 1859 1860
f 1861 1862 1863 1864
f 1865 1866 1867 1868
f 1869 1870 1871 1872
f 1873 1874 1875 1876
f 1877 1878 1879 1880
f 1881 1882 1883 1884
f 1885 1886 1887 1888
f 1889 1890 1891 1892
f 1893 1894 1895 1896
f 1897 1898 1899 1900
f 1901 1902 1903 1904
f 1905 1906 1907 1908
f 1909 1910 1911 1912
f 1913 1914 1915 1916
f 1917 1918 1919 1920
f 1921 1922 1923 1924
f 1925 1926 1927 1928
f 1929 1930 1931 1932
f 1933 1934 1935 1936
f 1937 1938 1939 1940
f 1941 1942 1943 1944
f 1945 1946 1947 1948
f 1949 1950 1951 1952
f 1953 1954 1955 1956
f 1957 1958 1959 1960
f 1961 1962 1963 1964
f 1965 1966 1967 1968
f 1969 1970 1971 1972
f 1973 1974 1975 1976
f 1977 1978 1979 1980
f 1981 1982 1983 1984
f 1985 1986 1987 1988
f 1989 1990 1991 1992
f 1993 1994 1995 1996
f 1997 1998 1999 2000
f 2001 2002 2003 2004
f 2005 2006 2007 2008
f 2009 2010 2011 2012
f 2013 2014 2015 2016
f 2017 2018 2019 2020
f 2021 2022 2023 2024
f 2025 2026 2027 2028
f 2029 2030 2031 2032
f 2033 2034 2035 2036
f 2037 2038 2039 2040
f 2041 2042 2043 2044
f 2045 2046 2047 2048
f 2049 2050 2051 2052
f 2053 2054 2055 2056
f 2057 2058 2059 2060
f 2061 2062 2063 2064
f 2065 2066 2067 2068
f 2069 2070 2071 2072
f 2073 2074 2075 2076
f 2077 2078 2079 2080
f 2081 2082 2083 2084
f 2085 2086 2087 2088
f 2089 2090 2091 2092
f 2093 2094 2095 2096
f 2097 2098 2099 2100
f 2101 2102 2103 2104
f 2105 2106 2107 2108
f 2109 2110 2111 2112
f 2113 2114 2115 2116
f 2117 2118 2119 2120
f 2121 2122 2123 2124
f 2125 2126 2127 2128
f 2129 2130 2131 2132
f 2133 2134 2135 2136
f 2137 2138 2139 2140
f 2141 2142 2143 2144
f 2145 2146 2147 2148
f 2149 2150 2151 2152
f 2153 2154 2155 2156
f 2157 2158 2159 2160
f 2161 2162 2163 2164
f 2165 2166 2167 2168
f 2169 2170 2171 2172
f 2173 2174 2175 2176
f 2177 2178 2179 2180
f 2181 2182 2183 2184
f 2185 2186 2187 2188
f 2189 2190 2191 2192
f 2193 2194 2195 2196
f 2197 2198 2199 2200
f 2201 2202 2203 2204
f 2205 2206 2207 2208
f 2209 2210 2211 2212
f 2213 2214 2215 2216
f 2217 2218 2219 2220
f 2221 2222 2223 2224
f 2225 2226 2227 2228
f 2229 2230 2231 2232
f 2233 2234 2235 2236
f 2237 2238 2239 2240
f 2241 2242 2243 2244
f 2245 2246 2247 2248
f 2249 2250 2251 2252
f 2253 2254 2255 2256
f 2257 2258 2259 2260
f 2261 2262 2263 2264
f 2265 2266 2267 2268
f 2269 2270 2271 2272
f 2273 2274 2275 2276
f 2277 2278 2279 2280
f 2281 2282 2283 2284
f 2285 2286 2287 2288
f 2289 2290 2291 2292
f 2293 2294 2295 2296
f 2297 2298 2299 2300
f 2301 2302 2303 2304
f 2305 2306 2307 2308
f 2309 2310 2311 2312
f 2313 2314 2315 2316
f 2317 2318 2319 2320
f 2321 2322 2323 2324
f 2325 2326 2327 2328
f 2329 2330 2331 2332
f 2333 2334 2335 2336
f 2337 2338 2339 2340
f 2341 2342 2343 2344
f 2345 2346 2347 2348
f 2349 2350 2351 2352
f 2353 2354 2355 2356
f 2357 2358 2359 2360
f 2361 2362 2363 2364
f 2365 2366 2367 2368
f 2369 2370 2371 2372
f 2373 2374 2375 2376
f 2377 2378 2379 2380
f 2381 2382 2383 2384
f 2385 2386 2387 2388
f 2389 2390 2391 2392
f 2393 2394 2395 2396
f 2397 2398 2399 2400
f 2401 2402 2403 2404
f 2405 2406 2407 2408
f 2409 2410 2411 2412
f 2413 2414 2415 2416
f 2417 2418 2419 2420
f 2421 2422 2423 2424
f 2425 2426 2427 2428
f 2429 2430 2431 2432
f 2433 2434 2435 2436
f 2437 2438 2439 2440
f 2441 2442 2443 2444
f 2445 2446 2447 2448
f 2449 2450 2451 2452
f 2453 2454 2455 2456
f 2457 2458 2459 2460
f 2461 2462 2463 2464
f 2465 2466 2467 2468
